pair_ID,treatment_combo,eclosion_date_F,eclosion_date_M,eggs_present_date,Notes,mortality
Ci20_001,10:30_28/13,10/1/2020,10/1/2020,-,,
Ci20_002,10:30_28/13,10/1/2020,10/1/2020,-,,
Ci20_003,10:30_28/13,10/1/2020,10/1/2020,-,,
Ci20_004,10:30_28/13,10/1/2020,10/1/2020,-,,
Ci20_005,10:30_28/13,10/1/2020,10/1/2020,-,,
Ci20_006,10:30_28/13,10/1/2020,10/1/2020,-,,
Ci20_007,10:30_28/13,10/1/2020,10/1/2020,-,,
Ci20_008,10:30_28/13,10/1/2020,10/1/2020,-,,
Ci20_009,10:30_28/13,10/1/2020,10/1/2020,-,,
Ci20_010,10:30_28/13,10/1/2020,10/1/2020,-,,
Ci20_011,10:30_28/13,10/1/2020,10/1/2020,-,,
Ci20_012,10:30_28/13,10/1/2020,10/1/2020,-,,
Ci20_013,10:30_28/13,10/1/2020,10/1/2020,-,,
Ci20_014,10:30_28/13,10/1/2020,10/1/2020,-,,
Ci20_015,10:30_28/13,10/1/2020,10/1/2020,-,,
Ci20_016,10:30_28/13,10/1/2020,10/1/2020,-,,
Ci20_017,10:30_28/13,10/1/2020,10/1/2020,-,,
Ci20_018,10:30_28/13,10/1/2020,10/1/2020,-,,
Ci20_019,10:30_28/13,10/1/2020,10/1/2020,-,,
Ci20_020,10:30_28/13,10/1/2020,10/1/2020,-,,
Ci20_021,10:30_28/13,10/2/2020,10/2/2020,-,,
Ci20_022,10:30_28/13,10/2/2020,10/2/2020,-,,
Ci20_023,10:30_28/13,10/2/2020,10/2/2020,-,,
Ci20_024,10:30_28/13,10/2/2020,10/2/2020,-,,
Ci20_025,10:30_28/13,10/2/2020,10/2/2020,-,,
Ci20_026,10:30_28/13,10/2/2020,10/2/2020,-,,
Ci20_027,10:30_28/13,10/2/2020,10/2/2020,10/17/2020,,
Ci20_028,10:30_28/13,10/2/2020,10/2/2020,-,,
Ci20_029,10:30_28/13,10/2/2020,10/2/2020,-,,
Ci20_030,10:30_28/13,10/2/2020,10/2/2020,10/15/2020,,
Ci20_031,10:30_28/13,10/2/2020,10/2/2020,-,,
Ci20_032,10:30_28/13,10/2/2020,10/2/2020,-,,
Ci20_033,10:30_28/13,10/2/2020,10/2/2020,-,,
Ci20_034,10:30_28/13,10/3/2020,10/3/2020,-,,
Ci20_035,10:30_28/13,10/3/2020,10/3/2020,-,,
Ci20_036,10:30_28/13,10/3/2020,10/3/2020,-,,
Ci20_037,10:30_28/13,10/3/2020,10/3/2020,-,,
Ci20_038,10:30_28/13,10/3/2020,10/3/2020,-,,
Ci20_039,10:30_28/13,10/3/2020,10/3/2020,-,,
Ci20_040,10:30_28/13,10/3/2020,10/3/2020,-,,
Ci20_041,11:25_28/13,9/29/2020,9/29/2020,10/9/2020,,
Ci20_042,11:25_28/13,9/29/2020,9/29/2020,10/19/2020,,
Ci20_043,11:25_28/13,9/29/2020,9/29/2020,10/17/2020,,
Ci20_044,11:25_28/13,9/29/2020,9/30/2020,-,,
Ci20_045,11:25_28/13,9/29/2020,9/30/2020,-,,
Ci20_046,11:25_28/13,9/29/2020,9/30/2020,-,,
Ci20_047,11:25_28/13,9/29/2020,9/30/2020,-,,
Ci20_048,11:25_28/13,9/30/2020,9/30/2020,-,,
Ci20_049,11:25_28/13,9/30/2020,9/30/2020,-,,
Ci20_050,11:25_28/13,9/30/2020,9/30/2020,10/13/2020,,
Ci20_051,11:25_28/13,9/30/2020,9/30/2020,10/9/2020,,
Ci20_052,11:25_28/13,9/30/2020,9/30/2020,10/9/2020,,
Ci20_053,11:25_28/13,9/30/2020,9/30/2020,-,,
Ci20_054,11:25_28/13,9/30/2020,9/30/2020,-,,
Ci20_055,11:25_28/13,9/30/2020,9/30/2020,-,,
Ci20_056,11:25_28/13,9/30/2020,9/30/2020,-,,
Ci20_057,11:25_28/13,9/30/2020,9/30/2020,10/9/2020,,
Ci20_058,11:25_28/13,9/30/2020,9/30/2020,-,,
Ci20_059,11:25_28/13,9/30/2020,9/30/2020,10/13/2020,,
Ci20_060,11:25_28/13,9/30/2020,9/30/2020,-,,
Ci20_061,11:25_28/13,9/30/2020,9/30/2020,-,,
Ci20_062,11:25_28/13,9/30/2020,9/30/2020,-,,
Ci20_063,11:25_28/13,9/30/2020,9/30/2020,-,,
Ci20_064,11:25_28/13,9/30/2020,9/30/2020,-,,
Ci20_065,11:25_28/13,9/30/2020,9/30/2020,-,,
Ci20_066,11:25_28/13,9/30/2020,9/30/2020,-,,
Ci20_067,11:25_28/13,9/30/2020,9/30/2020,10/22/2020,,
Ci20_068,11:25_28/13,10/1/2020,10/1/2020,-,,
Ci20_069,11:25_28/13,10/1/2020,10/1/2020,-,,
Ci20_070,11:25_28/13,10/1/2020,10/1/2020,-,,
Ci20_071,11:25_28/13,10/1/2020,10/1/2020,-,,
Ci20_072,11:25_28/13,10/1/2020,10/1/2020,10/11/2020,Male died 10/18; Not replaced,
Ci20_073,11:25_28/13,10/1/2020,10/1/2020,-,,
Ci20_074,11:25_28/13,10/1/2020,10/1/2020,10/23/2020,,
Ci20_075,11:25_28/13,10/1/2020,10/1/2020,-,,
Ci20_076,11:25_28/13,10/1/2020,10/1/2020,-,,
Ci20_077,11:25_28/13,10/1/2020,10/1/2020,10/15/2020,,
Ci20_078,11:25_28/13,10/1/2020,10/1/2020,10/15/2020,,
Ci20_079,11:25_28/13,10/1/2020,10/1/2020,-,,
Ci20_080,11:25_28/13,10/1/2020,10/1/2020,10/17/2020,,
Ci20_081,12:20_28/13,9/25/2020,9/25/2020,10/5/2020,,
Ci20_082,12:20_28/13,9/26/2020,9/26/2020,10/17/2020,,
Ci20_083,12:20_28/13,9/27/2020,9/27/2020,10/5/2020,,
Ci20_084,12:20_28/13,9/27/2020,9/27/2020,10/7/2020,,
Ci20_085,12:20_28/13,9/27/2020,9/27/2020,10/5/2020,,
Ci20_086,12:20_28/13,9/27/2020,9/27/2020,10/5/2020,,
Ci20_087,12:20_28/13,9/27/2020,9/27/2020,10/5/2020,,
Ci20_088,12:20_28/13,9/27/2020,9/27/2020,10/11/2020,,
Ci20_089,12:20_28/13,9/27/2020,9/27/2020,-,,
Ci20_090,12:20_28/13,9/27/2020,9/27/2020,10/3/2020,,
Ci20_091,12:20_28/13,9/27/2020,9/27/2020,10/9/2002,,
Ci20_092,12:20_28/13,9/27/2020,9/27/2020,10/7/2020,,
Ci20_093,12:20_28/13,9/27/2020,9/27/2020,10/5/2020,,
Ci20_094,12:20_28/13,9/27/2020,9/27/2020,10/5/2020,,
Ci20_095,12:20_28/13,9/27/2020,9/27/2020,-,,
Ci20_096,12:20_28/13,9/27/2020,9/27/2020,-,,
Ci20_097,12:20_28/13,9/27/2020,9/27/2020,10/5/2020,,
Ci20_098,12:20_28/13,9/27/2020,9/28/2020,-,,
Ci20_099,12:20_28/13,9/27/2020,9/28/2020,10/5/2020,,
Ci20_100,12:20_28/13,9/27/2020,9/28/2020,10/15/2020,,
Ci20_101,12:20_28/13,9/27/2020,9/28/2020,10/19/2020,,
Ci20_102,12:20_28/13,9/27/2020,9/28/2020,-,,
Ci20_103,12:20_28/13,9/27/2020,9/28/2020,10/13/2020,,
Ci20_104,12:20_28/13,9/28/2020,9/28/2020,10/5/2020,,
Ci20_105,12:20_28/13,9/28/2020,9/28/2020,10/7/2020,,
Ci20_106,12:20_28/13,9/28/2020,9/28/2020,10/5/2020,,
Ci20_107,12:20_28/13,9/28/2020,9/28/2020,-,,
Ci20_108,12:20_28/13,9/28/2020,9/28/2020,10/5/2020,,
Ci20_109,12:20_28/13,9/28/2020,9/29/2020,10/7/2020,,
Ci20_110,12:20_28/13,9/28/2020,9/29/2020,10/7/2020,,
Ci20_111,12:20_28/13,9/28/2020,9/29/2020,-,,
Ci20_112,12:20_28/13,9/28/2020,9/29/2020,10/19/2020,,
Ci20_113,12:20_28/13,9/28/2020,9/29/2020,10/5/2020,,
Ci20_114,12:20_28/13,9/28/2020,9/29/2020,10/13/2020,,
Ci20_115,12:20_28/13,9/29/2020,9/29/2020,10/5/2020,,
Ci20_116,12:20_28/13,9/29/2020,9/29/2020,10/7/2020,,
Ci20_117,12:20_28/13,9/29/2020,9/29/2020,10/7/2020,,
Ci20_118,12:20_28/13,9/29/2020,9/29/2020,10/5/2020,,
Ci20_119,12:20_28/13,9/29/2020,9/29/2020,10/5/2020,,
Ci20_120,12:20_28/13,9/29/2020,9/29/2020,10/5/2020,,
Ci20_121,13:15_28/13,9/24/2020,9/24/2020,10/1/2020,,
Ci20_122,13:15_28/13,9/24/2020,9/24/2020,9/29/2020,,
Ci20_123,13:15_28/13,9/24/2020,9/24/2020,9/29/2020,,
Ci20_124,13:15_28/13,9/24/2020,9/24/2020,10/1/2020,,
Ci20_125,13:15_28/13,9/25/2020,9/25/2020,10/1/2020,,
Ci20_126,13:15_28/13,9/25/2020,9/25/2020,9/29/2020,,
Ci20_127,13:15_28/13,9/25/2020,9/25/2020,9/29/2020,,
Ci20_128,13:15_28/13,9/25/2020,9/25/2020,10/1/2020,,
Ci20_129,13:15_28/13,9/25/2020,9/25/2020,10/1/2020,,
Ci20_130,13:15_28/13,9/25/2020,9/25/2020,10/1/2020,,
Ci20_131,13:15_28/13,9/25/2020,9/25/2020,9/29/2020,,
Ci20_132,13:15_28/13,9/25/2020,9/25/2020,10/1/2020,,
Ci20_133,13:15_28/13,9/25/2020,9/25/2020,10/3/2020,,
Ci20_134,13:15_28/13,9/28/2020,9/28/2020,-,Original 9/25 male and female died on 10/7; replaced with 9/28; male died 10/13; female died 10/17; not replaced,
Ci20_135,13:15_28/13,9/28/2020,9/28/2020,10/9/2020,Original 9/25 male and female died on 10/7; replaced with 9/28,
Ci20_136,13:15_28/13,9/25/2020,9/25/2020,10/3/2020,,
Ci20_137,13:15_28/13,9/28/2020,9/28/2020,-,Original 9/25 female died on 10/1; replaced with 9/28; Original male from 9/25 died on 10/7; replaced with 9/28; died 10/15,
Ci20_138,13:15_28/13,9/25/2020,9/25/2020,10/1/2020,,
Ci20_139,13:15_28/13,9/25/2020,9/25/2020,10/1/2020,,
Ci20_140,13:15_28/13,9/25/2020,9/26/2020,10/1/2020,,
Ci20_141,13:15_28/13,9/25/2020,9/26/2020,10/1/2020,,
Ci20_142,13:15_28/13,9/25/2020,9/26/2020,10/1/2020,,
Ci20_143,13:15_28/13,9/27/2020,9/27/2020,10/3/2020,,
Ci20_144,13:15_28/13,9/27/2020,9/27/2020,10/3/2020,,
Ci20_145,13:15_28/13,9/27/2020,9/27/2020,10/1/2020,,
Ci20_146,13:15_28/13,9/27/2020,9/27/2020,10/3/2020,,
Ci20_147,13:15_28/13,9/27/2020,9/27/2020,10/5/2020,,
Ci20_148,13:15_28/13,9/27/2020,9/27/2020,10/3/2020,,
Ci20_149,13:15_28/13,9/27/2020,9/27/2020,10/3/2020,,
Ci20_150,13:15_28/13,9/27/2020,9/27/2020,10/3/2020,,
Ci20_151,13:15_28/13,9/27/2020,9/27/2020,10/3/2020,,
Ci20_152,13:15_28/13,9/27/2020,9/27/2020,10/3/2020,,
Ci20_153,13:15_28/13,9/27/2020,9/27/2020,10/3/2020,,
Ci20_154,13:15_28/13,9/27/2020,9/27/2020,10/3/2020,,
Ci20_155,13:15_28/13,9/27/2020,9/27/2020,10/3/2020,,
Ci20_156,13:15_28/13,9/27/2020,9/27/2020,10/3/2020,,
Ci20_157,13:15_28/13,9/27/2020,9/27/2020,10/3/2020,,
Ci20_158,13:15_28/13,9/27/2020,9/27/2020,10/3/2020,,
Ci20_159,13:15_28/13,9/27/2020,9/27/2020,10/1/2020,,
Ci20_160,13:15_28/13,9/27/2020,9/27/2020,10/1/2020,,
Ci20_161,14:10_28/13,9/29/2020,9/29/2020,10/5/2020,,
Ci20_162,14:10_28/13,9/29/2020,9/29/2020,10/5/2020,,
Ci20_163,14:10_28/13,9/29/2020,9/29/2020,10/5/2020,,
Ci20_164,14:10_28/13,9/29/2020,9/29/2020,10/5/2020,,
Ci20_165,14:10_28/13,9/29/2020,9/29/2020,10/7/2020,,
Ci20_166,14:10_28/13,9/30/2020,9/29/2020,10/5/2020,,
Ci20_167,14:10_28/13,9/30/2020,9/29/2020,10/5/2020,,
Ci20_168,14:10_28/13,9/30/2020,9/29/2020,10/5/2020,,
Ci20_169,14:10_28/13,9/30/2020,9/30/2020,10/5/2020,,
Ci20_170,14:10_28/13,9/30/2020,9/30/2020,10/5/2020,,
Ci20_171,14:10_28/13,9/30/2020,9/30/2020,10/7/2020,,
Ci20_172,14:10_28/13,9/30/2020,9/30/2020,10/5/2020,,
Ci20_173,14:10_28/13,9/30/2020,9/30/2020,10/5/2020,,
Ci20_174,14:10_28/13,9/30/2020,9/30/2020,10/5/2020,,
Ci20_175,14:10_28/13,9/30/2020,9/30/2020,10/5/2020,,
Ci20_176,14:10_28/13,9/30/2020,9/30/2020,10/7/2020,,
Ci20_177,14:10_28/13,9/30/2020,9/30/2020,10/7/2020,,
Ci20_178,14:10_28/13,9/30/2020,9/30/2020,10/7/2020,,
Ci20_179,14:10_28/13,9/30/2020,9/30/2020,10/9/2020,,
Ci20_180,14:10_28/13,9/30/2020,9/30/2020,10/7/2020,,
Ci20_181,14:10_28/13,9/30/2020,9/30/2020,10/7/2020,,
Ci20_182,14:10_28/13,9/30/2020,9/30/2020,10/5/2020,,
Ci20_183,14:10_28/13,9/30/2020,9/30/2020,10/7/2020,,
Ci20_184,14:10_28/13,9/30/2020,9/30/2020,10/9/2020,,
Ci20_185,14:10_28/13,9/30/2020,9/30/2020,10/7/2020,,
Ci20_186,14:10_28/13,9/30/2020,9/30/2020,10/5/2020,,
Ci20_187,14:10_28/13,9/30/2020,9/30/2020,10/5/2020,,
Ci20_188,14:10_28/13,10/1/2020,10/1/2020,10/5/2020,,
Ci20_189,14:10_28/13,10/1/2020,10/1/2020,10/5/2020,,
Ci20_190,14:10_28/13,10/1/2020,10/1/2020,10/7/2020,,
Ci20_191,14:10_28/13,10/1/2020,10/1/2020,10/5/2020,,
Ci20_192,14:10_28/13,10/1/2020,10/1/2020,10/5/2020,,
Ci20_193,14:10_28/13,10/1/2020,10/1/2020,10/7/2020,,
Ci20_194,14:10_28/13,10/1/2020,10/1/2020,10/5/2020,,
Ci20_195,14:10_28/13,10/1/2020,10/1/2020,10/5/2020,,
Ci20_196,14:10_28/13,10/1/2020,10/1/2020,10/7/2020,,
Ci20_197,14:10_28/13,10/1/2020,10/1/2020,10/5/2020,,
Ci20_198,14:10_28/13,10/1/2020,10/1/2020,10/5/2020,,
Ci20_199,14:10_28/13,10/1/2020,10/1/2020,10/5/2020,,
Ci20_200,14:10_28/13,10/1/2020,10/1/2020,10/13/2020,,
Ci20_201,15:05_28/13,10/3/2020,10/3/2020,10/13/2020,,
Ci20_202,15:05_28/13,10/3/2020,10/3/2020,10/11/2020,,
Ci20_203,15:05_28/13,10/3/2020,10/3/2020,10/11/2020,,
Ci20_204,15:05_28/13,10/3/2020,10/3/2020,10/13/2020,,
Ci20_205,15:05_28/13,10/3/2020,10/3/2020,10/13/2020,,
Ci20_206,15:05_28/13,10/3/2020,10/3/2020,10/9/2020,,
Ci20_207,15:05_28/13,10/3/2020,10/3/2020,10/13/2020,,
Ci20_208,15:05_28/13,10/3/2020,10/3/2020,10/9/2020,,
Ci20_209,15:05_28/13,10/5/2020,10/5/2020,10/13/2020,,
Ci20_210,15:05_28/13,10/5/2020,10/5/2020,10/13/2020,,
Ci20_211,15:05_28/13,10/5/2020,10/5/2020,10/13/2020,,
Ci20_212,15:05_28/13,10/5/2020,10/5/2020,10/11/2020,,
Ci20_213,15:05_28/13,10/5/2020,10/5/2020,10/15/2020,,
Ci20_214,15:05_28/13,10/5/2020,10/5/2020,10/13/2020,,
Ci20_215,15:05_28/13,10/5/2020,10/5/2020,10/13/2020,,
Ci20_216,15:05_28/13,10/5/2020,10/5/2020,10/13/2020,,
Ci20_217,15:05_28/13,10/5/2020,10/5/2020,10/13/2020,,
Ci20_218,15:05_28/13,10/5/2020,10/5/2020,10/13/2020,,
Ci20_219,15:05_28/13,10/5/2020,10/5/2020,10/13/2020,,
Ci20_220,15:05_28/13,10/5/2020,10/5/2020,10/13/2020,,
Ci20_221,15:05_28/13,10/5/2020,10/5/2020,10/11/2020,,
Ci20_222,15:05_28/13,10/5/2020,10/5/2020,10/13/2020,,
Ci20_223,15:05_28/13,10/5/2020,10/5/2020,10/13/2020,,
Ci20_224,15:05_28/13,10/5/2020,10/5/2020,10/13/2020,,
Ci20_225,15:05_28/13,10/5/2020,10/5/2020,10/13/2020,,
Ci20_226,15:05_28/13,10/5/2020,10/5/2020,10/13/2020,,
Ci20_227,15:05_28/13,10/5/2020,10/5/2020,10/15/2020,,
Ci20_228,15:05_28/13,10/5/2020,10/5/2020,10/15/2020,,
Ci20_229,15:05_28/13,10/5/2020,10/5/2020,10/15/2020,,
Ci20_230,15:05_28/13,10/5/2020,10/5/2020,10/13/2020,,
Ci20_231,15:05_28/13,10/5/2020,10/5/2020,10/11/2020,,
Ci20_232,15:05_28/13,10/5/2020,10/5/2020,10/13/2020,,
Ci20_233,15:05_28/13,10/5/2020,10/5/2020,10/13/2020,,
Ci20_234,15:05_28/13,10/5/2020,10/5/2020,10/13/2020,,
Ci20_235,15:05_28/13,10/5/2020,10/5/2020,10/13/2020,,
Ci20_236,15:05_28/13,10/5/2020,10/5/2020,10/11/2020,,
Ci20_237,15:05_28/13,10/5/2020,10/5/2020,10/15/2020,,
Ci20_238,15:05_28/13,10/5/2020,10/5/2020,10/15/2020,,
Ci20_239,15:05_28/13,10/5/2020,10/5/2020,10/15/2020,,
Ci20_240,15:05_28/13,10/5/2020,10/5/2020,10/11/2020,,
Ci20_241,10:30_38/23,9/16/2020,9/18/2020,9/25/2020,original male from 9/16 died; replaced with 9/18 male; female died on 10/11; fungus; both died 10/21,
Ci20_242,10:30_38/23,9/16/2020,9/16/2020,9/23/2020,original male from 9/16 died 9/27; replaced with 9/18; female died 9/27,
Ci20_243,10:30_38/23,9/16/2020,9/16/2020,9/25/2020,Female died 10/21,
Ci20_244,10:30_38/23,10/2/2020,9/16/2020,10/9/2020,original female from 9/16 died; female added 10/3 from 10/02; female died 10/13; replaced; male died 10/15,
Ci20_245,10:30_38/23,9/16/2020,9/16/2020,10/3/2020,Female died 10/21,
Ci20_246,10:30_38/23,9/17/2020,9/16/2020,9/23/2020,original female from 9/17 died on 10/13; didn't replace; eggs already recorded,
Ci20_247,10:30_38/23,9/17/2020,9/16/2020,9/21/2020,Both died 10/13; no replacement,
Ci20_248,10:30_38/23,9/17/2020,9/19/2020,10/19/2020,Original male from 9/16 died on 9/23; replaced,
Ci20_249,10:30_38/23,9/18/2020,9/18/2020,9/23/2020,Both died 10/13; no replacement,
Ci20_250,10:30_38/23,9/18/2020,9/18/2020,9/25/2020,Both died 10/15; no replacement,
Ci20_251,10:30_38/23,9/18/2020,9/18/2020,9/23/2020,Both died 10/13; no replacement,
Ci20_252,10:30_38/23,9/18/2020,9/18/2020,-,,
Ci20_253,10:30_38/23,9/18/2020,9/18/2020,10/5/2020,Female died 10/21; male died 10/25,
Ci20_254,10:30_38/23,9/18/2020,9/18/2020,10/1/2020,Original male died; replaced; same eclosure; male died 10/15; female died 10/19,
Ci20_255,10:30_38/23,9/19/2020,9/18/2020,9/25/2020,,
Ci20_256,10:30_38/23,9/19/2020,9/18/2020,-,,
Ci20_257,10:30_38/23,9/19/2020,9/18/2020,9/25/2020,Original female died 10/13; eggs recorded; no replacement,
Ci20_258,10:30_38/23,10/2/2020,10/4/2020,10/15/2020,Original male from 10/2 died on 10/9; replaced,
Ci20_259,10:30_38/23,10/2/2020,10/3/2020,-,Original male from 10/2 died on 10/7; replaced,
Ci20_260,10:30_38/23,10/2/2020,10/2/2020,10/9/2020,,
Ci20_261,10:30_38/23,10/3/2020,10/2/2020,10/9/2020,Original female from 10/2 died on 10/7; replaced,
Ci20_262,10:30_38/23,10/4/2020,10/2/2020,10/7/2020,Original female from 10/2 died 10/17; replaced with 10/4; died 10/21; male died 10/23,
Ci20_263,10:30_38/23,10/2/2020,10/2/2020,10/15/2020,Original female died 10/21,
Ci20_264,10:30_38/23,10/4/2020,10/2/2020,10/17/2020,Original female from 10/2 died on 10/7; replaced; Male died 10/21,
Ci20_265,10:30_38/23,10/2/2020,10/2/2020,10/9/2020,Both died 10/15; no replacement,
Ci20_266,10:30_38/23,10/2/2020,10/2/2020,-,,
Ci20_267,10:30_38/23,10/4/2020,10/2/2020,-,original female from 10/2 died on 10/13; replaced; Both died 10/23,
Ci20_268,10:30_38/23,10/4/2020,10/3/2020,10/17/2020,original female from 10/2 died on 10/13; replaced; Female died 10/21; Replaced with 10/4; Female died 10/23,
Ci20_269,10:30_38/23,10/2/2020,10/3/2020,10/7/2020,Both died ,
Ci20_270,10:30_38/23,10/4/2020,10/3/2020,-,Original female from 10/3 died 10/15; replaced,
Ci20_271,10:30_38/23,10/3/2020,10/3/2020,10/7/2020,Female died; not replaced,
Ci20_272,10:30_38/23,10/3/2020,10/3/2020,-,,
Ci20_273,10:30_38/23,10/3/2020,10/3/2020,10/7/2020,,
Ci20_274,10:30_38/23,10/3/2020,10/3/2020,10/9/2020,Original male died on 10/13; no replacement; female died 10/15,
Ci20_275,10:30_38/23,10/3/2020,10/3/2020,10/11/2020,Female died 10/21; male died 10/25,
Ci20_276,10:30_38/23,10/3/2020,10/3/2020,10/9/2020,,
Ci20_277,10:30_38/23,10/4/2020,10/3/2020,-,original female from 10/3 died on 10/11; replaced,
Ci20_278,10:30_38/23,10/3/2020,10/3/2020,-,,
Ci20_279,10:30_38/23,10/4/2020,10/3/2020,10/7/2020,Female died 10/19; replaced ,
Ci20_280,10:30_38/23,10/3/2020,10/3/2020,10/13/2020,,
Ci20_281,11:25_38/23,9/15/2020,9/15/2020,-,,
Ci20_281_1030,10:30_38/23,10/4/2020,10/4/2020,10/23/2020,Made extra pairs; duplicate IDs with 1125 38,
Ci20_282,11:25_38/23,9/15/2020,9/15/2020,-,,
Ci20_282_1030,10:30_38/23,10/4/2020,10/4/2020,-,Made extra pairs; duplicate IDs with 1125 38,
Ci20_283,11:25_38/23,9/15/2020,9/15/2020,9/27/2020,,
Ci20_283_1030,10:30_38/23,10/4/2020,10/4/2020,10/27/2020,Made extra pairs; duplicate IDs with 1125 38,
Ci20_284,11:25_38/23,9/15/2020,9/15/2020,9/23/2020,,
Ci20_285,11:25_38/23,9/15/2020,9/16/2020,9/23/2020,Original male from 9/15 died 9/23; replaced w male from 9/16,
Ci20_286,11:25_38/23,9/15/2020,9/15/2020,9/27/2020,,
Ci20_287,11:25_38/23,9/15/2020,9/15/2020,-,,
Ci20_288,11:25_38/23,9/15/2020,9/15/2020,-,,
Ci20_289,11:25_38/23,9/15/2020,9/15/2020,-,,
Ci20_290,11:25_38/23,9/15/2020,9/15/2020,9/23/2020,,
Ci20_291,11:25_38/23,9/15/2020,9/15/2020,9/21/2020,,
Ci20_292,11:25_38/23,9/15/2020,9/15/2020,9/21/2020,,
Ci20_293,11:25_38/23,9/15/2020,9/15/2020,9/18/2020,,
Ci20_294,11:25_38/23,9/15/2020,9/15/2020,9/22/2020,,
Ci20_295,11:25_38/23,9/15/2020,9/15/2020,9/21/2020,,
Ci20_296,11:25_38/23,9/16/2020,9/15/2020,9/25/2020,Original female from 9/15 died on 9/23; replaced w female from 9/16,
Ci20_297,11:25_38/23,9/15/2020,9/15/2020,9/21/2020,,
Ci20_298,11:25_38/23,9/15/2020,9/15/2020,9/21/2020,,
Ci20_299,11:25_38/23,9/15/2020,9/15/2020,9/22/2020,,
Ci20_300,11:25_38/23,9/15/2020,9/15/2020,9/29/2020,,
Ci20_301,11:25_38/23,9/15/2020,9/15/2020,-,,
Ci20_302,11:25_38/23,9/15/2020,9/15/2020,9/21/2020,,
Ci20_303,11:25_38/23,9/16/2020,9/15/2020,9/21/2020,,
Ci20_304,11:25_38/23,9/16/2020,9/15/2020,9/23/2020,,
Ci20_305,11:25_38/23,9/16/2020,9/15/2020,9/21/2020,,
Ci20_306,11:25_38/23,9/16/2020,9/15/2020,9/21/2020,,
Ci20_307,11:25_38/23,9/16/2020,9/15/2020,10/3/2020,Original female died 10/1; replaced with female from 9/16,
Ci20_308,11:25_38/23,9/16/2020,9/15/2020,9/21/2020,,
Ci20_309,11:25_38/23,9/16/2020,9/15/2020,9/25/2020,,
Ci20_310,11:25_38/23,9/16/2020,9/16/2020,9/21/2020,,
Ci20_311,11:25_38/23,9/16/2020,9/16/2020,-,,
Ci20_312,11:25_38/23,9/16/2020,9/16/2020,9/21/2020,,
Ci20_313,11:25_38/23,9/16/2020,9/16/2020,9/25/2020,,
Ci20_314,11:25_38/23,9/16/2020,9/16/2020,9/22/2020,,
Ci20_315,11:25_38/23,9/16/2020,9/16/2020,10/5/2020,Orinal female died on 10/03; replaced with frmale from 9/16,
Ci20_316,11:25_38/23,9/16/2020,9/16/2020,9/21/2020,,
Ci20_317,11:25_38/23,9/16/2020,9/16/2020,9/21/2020,,
Ci20_318,11:25_38/23,9/16/2020,9/16/2020,9/21/2020,,
Ci20_319,11:25_38/23,9/16/2020,9/16/2020,9/21/2020,,
Ci20_320,11:25_38/23,9/17/2020,9/17/2020,9/21/2020,,
Ci20_321,12:20_38/23,9/16/2020,9/16/2020,9/23/2020,,
Ci20_322,12:20_38/23,9/16/2020,9/16/2020,9/21/2020,,
Ci20_323,12:20_38/23,9/16/2020,9/16/2020,-,Male died 9/23,
Ci20_324,12:20_38/23,9/16/2020,9/16/2020,9/25/2020,,
Ci20_325,12:20_38/23,9/16/2020,9/16/2020,9/21/2020,,
Ci20_326,12:20_38/23,9/16/2020,9/16/2020,9/21/2020,,
Ci20_327,12:20_38/23,9/16/2020,9/19/2020,9/27/2020,Oriiginal male from 9/16 died on 9/18; replaced with 9/19,
Ci20_328,12:20_38/23,9/16/2020,9/16/2020,9/23/2020,,
Ci20_329,12:20_38/23,9/16/2020,9/16/2020,9/21/2020,,
Ci20_330,12:20_38/23,9/16/2020,9/16/2020,-,,
Ci20_331,12:20_38/23,9/17/2020,9/18/2020,9/25/2020,Oriiginal female from 9/17 died on 9/23; replaced with 9/18,
Ci20_332,12:20_38/23,9/17/2020,9/16/2020,9/23/2020,,
Ci20_333,12:20_38/23,9/17/2020,9/17/2020,9/23/2020,,
Ci20_334,12:20_38/23,9/17/2020,9/17/2020,9/23/2020,,
Ci20_335,12:20_38/23,9/18/2020,9/17/2020,9/25/2020,Oriiginal female from 9/17 died on 9/23; replaced with 9/18,
Ci20_336,12:20_38/23,9/17/2020,9/17/2020,9/23/2020,,
Ci20_337,12:20_38/23,9/17/2020,9/17/2020,9/25/2020,,
Ci20_338,12:20_38/23,NA,NA,NA,,
Ci20_339,12:20_38/23,9/17/2020,9/17/2020,-,,
Ci20_340,12:20_38/23,9/17/2020,9/17/2020,9/25/2020,,
Ci20_341,12:20_38/23,9/18/2020,9/17/2020,9/27/2020,Oriiginal female from 9/17 died on 9/25; replaced with 9/18,
Ci20_342,12:20_38/23,9/17/2020,9/17/2020,9/23/2020,,
Ci20_343,12:20_38/23,9/17/2020,9/17/2020,9/23/2020,,
Ci20_344,12:20_38/23,9/17/2020,9/17/2020,9/27/2020,,
Ci20_345,12:20_38/23,9/17/2020,9/17/2020,9/23/2020,,
Ci20_346,12:20_38/23,9/17/2020,9/17/2020,9/27/2020,,
Ci20_347,12:20_38/23,9/17/2020,9/17/2020,9/27/2020,,
Ci20_348,12:20_38/23,9/17/2020,9/17/2020,9/23/2020,,
Ci20_349,12:20_38/23,9/17/2020,9/17/2020,9/25/2020,,
Ci20_350,12:20_38/23,9/17/2020,9/17/2020,9/23/2020,,
Ci20_351,12:20_38/23,9/17/2020,9/17/2020,9/23/2020,,
Ci20_352,12:20_38/23,9/17/2020,9/18/2020,9/23/2020,,
Ci20_353,12:20_38/23,9/17/2020,9/18/2020,9/23/2020,,
Ci20_354,12:20_38/23,9/17/2020,9/18/2020,-,Male died on 9/25,
Ci20_355,12:20_38/23,9/17/2020,9/18/2020,9/23/2020,,
Ci20_356,12:20_38/23,9/17/2020,9/18/2020,9/23/2020,,
Ci20_357,12:20_38/23,9/18/2020,9/18/2020,9/23/2020,,
Ci20_358,12:20_38/23,9/18/2020,9/19/2020,9/23/2020,,
Ci20_359,12:20_38/23,9/19/2020,9/19/2020,9/23/2020,,
Ci20_360,12:20_38/23,NA,NA,NA,,
Ci20_361,13:15_38/23,9/16/2020,9/16/2020,9/23/2020,,
Ci20_362,13:15_38/23,9/17/2020,9/17/2020,9/21/2020,,
Ci20_363,13:15_38/23,9/17/2020,9/17/2020,9/21/2020,,
Ci20_364,13:15_38/23,9/17/2020,9/17/2020,9/23/2020,,
Ci20_365,13:15_38/23,9/17/2020,9/17/2020,9/23/2020,,
Ci20_366,13:15_38/23,9/17/2020,9/17/2020,9/23/2020,,
Ci20_367,13:15_38/23,9/17/2020,9/17/2020,9/23/2020,,
Ci20_368,13:15_38/23,9/17/2020,9/17/2020,9/23/2020,,
Ci20_369,13:15_38/23,9/17/2020,9/17/2020,9/25/2020,,
Ci20_370,13:15_38/23,9/17/2020,9/17/2020,9/21/2020,,
Ci20_371,13:15_38/23,9/17/2020,9/18/2020,9/23/2020,,
Ci20_372,13:15_38/23,9/18/2020,9/18/2020,9/23/2020,,
Ci20_373,13:15_38/23,9/18/2020,9/18/2020,9/23/2020,,
Ci20_374,13:15_38/23,9/18/2020,9/18/2020,9/25/2020,,
Ci20_375,13:15_38/23,9/18/2020,9/18/2020,9/23/2020,,
Ci20_376,13:15_38/23,9/18/2020,9/18/2020,9/23/2020,,
Ci20_377,13:15_38/23,9/18/2020,9/18/2020,9/25/2020,,
Ci20_378,13:15_38/23,9/18/2020,9/18/2020,9/23/2020,,
Ci20_379,13:15_38/23,9/20/2020,9/18/2020,9/25/2020,Original female from 9/18 died on 9/23; replaced with female from 9/20,
Ci20_380,13:15_38/23,9/19/2020,9/18/2020,9/23/2020,,
Ci20_381,13:15_38/23,9/19/2020,9/18/2020,9/23/2020,,
Ci20_382,13:15_38/23,9/19/2020,9/18/2020,9/23/2020,,
Ci20_383,13:15_38/23,9/19/2020,9/18/2020,9/25/2020,,
Ci20_384,13:15_38/23,9/19/2020,9/18/2020,9/23/2020,,
Ci20_385,13:15_38/23,9/19/2020,9/18/2020,9/25/2020,,
Ci20_386,13:15_38/23,9/19/2020,9/18/2020,9/23/2020,,
Ci20_387,13:15_38/23,9/19/2020,9/18/2020,9/23/2020,,
Ci20_388,13:15_38/23,9/19/2020,9/18/2020,9/25/2020,,
Ci20_389,13:15_38/23,9/19/2020,9/18/2020,9/25/2020,,
Ci20_390,13:15_38/23,9/19/2020,9/18/2020,9/25/2020,,
Ci20_391,13:15_38/23,9/20/2020,9/19/2020,9/29/2020,Both original from 9/19 died on 9/21; replaced with m 9/19 and f 9/21; female died 9/27; replaced with female from 9/20,
Ci20_392,13:15_38/23,9/21/2020,9/19/2020,9/23/2020,Both original from 9/19 died on 9/21; replaced with m 9/19 and f 9/21,
Ci20_393,13:15_38/23,9/19/2020,9/19/2020,9/23/2020,,
Ci20_394,13:15_38/23,9/19/2020,9/19/2020,9/25/2020,,
Ci20_395,13:15_38/23,9/19/2020,9/19/2020,9/25/2020,,
Ci20_396,13:15_38/23,9/19/2020,9/19/2020,9/25/2020,,
Ci20_397,13:15_38/23,9/19/2020,9/19/2020,9/27/2020,,
Ci20_398,13:15_38/23,9/19/2020,9/19/2020,9/23/2020,,
Ci20_399,13:15_38/23,9/19/2020,9/19/2020,9/27/2020,,
Ci20_400,13:15_38/23,9/20/2020,9/20/2020,9/23/2020,,
Ci20_401,14:10_38/23,9/18/2020,9/18/2020,9/25/2020,,
Ci20_402,14:10_38/23,9/18/2020,9/18/2020,9/25/2020,"9/23 male died, not replaced ?",
Ci20_403,14:10_38/23,9/18/2020,9/18/2020,9/25/2020,,
Ci20_404,14:10_38/23,9/18/2020,9/18/2020,9/29/2020,,
Ci20_405,14:10_38/23,9/18/2020,9/18/2020,9/27/2020,,
Ci20_406,14:10_38/23,9/18/2020,9/18/2020,9/25/2020,,
Ci20_407,14:10_38/23,9/18/2020,9/18/2020,9/23/2020,,
Ci20_408,14:10_38/23,9/18/2020,9/18/2020,9/25/2020,,
Ci20_409,14:10_38/23,9/18/2020,9/18/2020,9/25/2020,,
Ci20_410,14:10_38/23,9/18/2020,9/22/2020,9/25/2020,"original male from 9/18 died on 9/23, replaced with 9/22",
Ci20_411,14:10_38/23,9/18/2020,9/18/2020,9/25/2020,,
Ci20_412,14:10_38/23,9/18/2020,9/18/2020,9/25/2020,,
Ci20_413,14:10_38/23,9/19/2020,9/19/2020,9/27/2020,,
Ci20_414,14:10_38/23,9/20/2020,9/21/2020,10/1/2020,"original female from 9/20 died 9/29, replaced with 9/21",
Ci20_415,14:10_38/23,9/20/2020,9/20/2020,9/25/2020,,
Ci20_416,14:10_38/23,9/20/2020,9/20/2020,9/27/2020,,
Ci20_417,14:10_38/23,9/20/2020,9/20/2020,9/25/2020,,
Ci20_418,14:10_38/23,9/20/2020,9/21/2020,9/29/2020,"original female from 9/20 died on 9/29, replaced with 9/21",
Ci20_419,14:10_38/23,9/20/2020,9/20/2020,9/27/2020,,
Ci20_420,14:10_38/23,9/20/2020,9/20/2020,9/25/2020,,
Ci20_421,14:10_38/23,9/20/2020,9/20/2020,9/27/2020,,
Ci20_422,14:10_38/23,9/20/2020,9/20/2020,9/25/2020,,
Ci20_423,14:10_38/23,9/20/2020,9/20/2020,9/27/2020,,
Ci20_424,14:10_38/23,9/20/2020,9/22/2020,9/27/2020,"original male from 9/20 died on 9/23, replaced with 9/22",
Ci20_425,14:10_38/23,9/20/2020,9/20/2020,9/25/2020,,
Ci20_426,14:10_38/23,9/20/2020,9/20/2020,9/25/2020,,
Ci20_427,14:10_38/23,9/20/2020,9/20/2020,9/25/2020,,
Ci20_428,14:10_38/23,9/20/2020,9/20/2020,9/25/2020,,
Ci20_429,14:10_38/23,9/20/2020,9/21/2020,9/25/2020,,
Ci20_430,14:10_38/23,9/20/2020,9/21/2020,9/27/2020,,
Ci20_431,14:10_38/23,9/20/2020,9/21/2020,9/25/2020,,
Ci20_432,14:10_38/23,9/20/2020,9/21/2020,9/25/2020,,
Ci20_433,14:10_38/23,9/20/2020,9/21/2020,9/25/2020,,
Ci20_434,14:10_38/23,9/21/2020,9/21/2020,9/25/2020,,
Ci20_435,14:10_38/23,9/21/2020,9/21/2020,9/25/2020,,
Ci20_436,14:10_38/23,9/21/2020,9/21/2020,9/27/2020,,
Ci20_437,14:10_38/23,9/21/2020,9/21/2020,9/27/2020,,
Ci20_438,14:10_38/23,9/21/2020,9/21/2020,9/27/2020,,
Ci20_439,14:10_38/23,9/22/2020,9/22/2020,9/27/2020,,
Ci20_440,14:10_38/23,9/22/2020,9/22/2020,9/27/2020,,
Ci20_441,15:05_38/23,9/18/2020,9/17/2020,9/23/2020,,
Ci20_442,15:05_38/23,9/18/2020,9/17/2020,9/23/2020,,
Ci20_443,15:05_38/23,9/18/2020,9/18/2020,9/23/2020,,
Ci20_444,15:05_38/23,9/18/2020,9/18/2020,9/23/2020,,
Ci20_445,15:05_38/23,9/18/2020,9/18/2020,9/23/2020,,
Ci20_446,15:05_38/23,9/18/2020,9/18/2020,9/23/2020,,
Ci20_447,15:05_38/23,9/18/2020,9/18/2020,9/23/2020,,
Ci20_448,15:05_38/23,9/18/2020,9/18/2020,9/23/2020,,
Ci20_449,15:05_38/23,9/18/2020,9/19/2020,9/23/2020,,
Ci20_450,15:05_38/23,9/18/2020,9/19/2020,9/23/2020,,
Ci20_451,15:05_38/23,9/18/2020,9/19/2020,9/23/2020,,
Ci20_452,15:05_38/23,9/19/2020,9/19/2020,9/23/2020,,
Ci20_453,15:05_38/23,9/19/2020,9/19/2020,9/23/2020,,
Ci20_454,15:05_38/23,9/19/2020,9/19/2020,9/25/2020,,
Ci20_455,15:05_38/23,9/19/2020,9/19/2020,9/25/2020,,
Ci20_456,15:05_38/23,9/19/2020,9/19/2020,9/23/2020,,
Ci20_457,15:05_38/23,9/19/2020,9/19/2020,9/23/2020,,
Ci20_458,15:05_38/23,9/19/2020,9/19/2020,9/23/2020,,
Ci20_459,15:05_38/23,9/19/2020,9/19/2020,9/25/2020,,
Ci20_460,15:05_38/23,9/19/2020,9/19/2020,9/23/2020,,
Ci20_461,15:05_38/23,9/19/2020,9/19/2020,9/25/2020,,
Ci20_462,15:05_38/23,9/19/2020,9/19/2020,9/23/2020,,
Ci20_463,15:05_38/23,9/19/2020,9/19/2020,9/25/2020,,
Ci20_464,15:05_38/23,9/19/2020,9/19/2020,9/23/2020,,
Ci20_465,15:05_38/23,9/19/2020,9/19/2020,9/25/2020,,
Ci20_466,15:05_38/23,9/19/2020,9/19/2020,9/23/2020,,
Ci20_467,15:05_38/23,9/19/2020,9/19/2020,9/23/2020,,
Ci20_468,15:05_38/23,9/19/2020,9/19/2020,9/23/2020,,
Ci20_469,15:05_38/23,9/20/2020,9/20/2020,9/25/2020,,
Ci20_470,15:05_38/23,9/20/2020,9/20/2020,9/25/2020,,
Ci20_471,15:05_38/23,9/20/2020,9/20/2020,9/25/2020,,
Ci20_472,15:05_38/23,9/20/2020,9/20/2020,9/25/2020,,
Ci20_473,15:05_38/23,9/20/2020,9/20/2020,10/2/2020,,
Ci20_474,15:05_38/23,9/20/2020,9/20/2020,9/25/2020,,
Ci20_475,15:05_38/23,9/20/2020,9/20/2020,9/23/2020,,
Ci20_476,15:05_38/23,9/20/2020,9/20/2020,9/25/2020,,
Ci20_477,15:05_38/23,9/20/2020,9/20/2020,9/25/2020,,
Ci20_478,15:05_38/23,9/20/2020,9/20/2020,9/25/2020,,
Ci20_479,15:05_38/23,9/20/2020,9/20/2020,9/25/2020,,
Ci20_480,15:05_38/23,9/20/2020,9/20/2020,9/25/2020,,
De20_001,10:30_28/13,10/11/2020,10/10/2020,-,,0
De20_002,10:30_28/13,10/12/2020,10/12/2020,-,Original female died 10/15; replaced w same,1
De20_003,10:30_28/13,10/12/2020,10/12/2020,-,,0
De20_004,10:30_28/13,10/12/2020,10/12/2020,-,,0
De20_005,10:30_28/13,10/12/2020,10/12/2020,-,,0
De20_006,10:30_28/13,10/12/2020,10/12/2020,-,,0
De20_007,10:30_28/13,10/12/2020,10/12/2020,-,,0
De20_008,10:30_28/13,10/12/2020,10/12/2020,-,,0
De20_009,10:30_28/13,10/12/2020,10/12/2020,-,,0
De20_010,10:30_28/13,10/12/2020,10/12/2020,-,,0
De20_011,10:30_28/13,10/12/2020,10/12/2020,-,,0
De20_012,10:30_28/13,10/12/2020,10/12/2020,-,,0
De20_013,10:30_28/13,10/12/2020,10/12/2020,-,,0
De20_014,10:30_28/13,10/12/2020,10/12/2020,-,,0
De20_015,10:30_28/13,10/12/2020,10/12/2020,-,,0
De20_016,10:30_28/13,10/12/2020,10/12/2020,-,,0
De20_017,10:30_28/13,10/12/2020,10/12/2020,-,,0
De20_018,10:30_28/13,10/12/2020,10/12/2020,-,,0
De20_019,10:30_28/13,10/12/2020,10/12/2020,-,,0
De20_020,10:30_28/13,10/12/2020,10/12/2020,-,,0
De20_021,10:30_28/13,10/12/2020,10/12/2020,-,,0
De20_022,10:30_28/13,10/12/2020,10/12/2020,-,,0
De20_023,10:30_28/13,10/12/2020,10/12/2020,-,,0
De20_024,10:30_28/13,10/12/2020,10/12/2020,-,,0
De20_025,10:30_28/13,10/12/2020,10/12/2020,-,,0
De20_026,10:30_28/13,10/12/2020,10/12/2020,-,,0
De20_027,10:30_28/13,10/12/2020,10/12/2020,-,,0
De20_028,10:30_28/13,10/12/2020,10/12/2020,-,,0
De20_029,10:30_28/13,10/12/2020,10/12/2020,-,,0
De20_030,10:30_28/13,10/12/2020,10/12/2020,-,,0
De20_031,10:30_28/13,10/12/2020,10/12/2020,-,,0
De20_032,10:30_28/13,10/12/2020,10/12/2020,-,,0
De20_033,10:30_28/13,10/12/2020,10/12/2020,-,,0
De20_034,10:30_28/13,10/12/2020,10/12/2020,-,,0
De20_035,10:30_28/13,10/12/2020,10/12/2020,-,Male died 10/31,1
De20_036,10:30_28/13,10/12/2020,10/12/2020,-,Origiinal male died ; replaced w same,1
De20_037,10:30_28/13,10/12/2020,10/12/2020,-,,0
De20_038,10:30_28/13,10/12/2020,10/12/2020,-,,0
De20_039,10:30_28/13,10/12/2020,10/12/2020,-,,0
De20_040,10:30_28/13,10/12/2020,10/12/2020,-,,0
De20_041,11:25_28/13,10/12/2020,10/12/2020,-,,0
De20_042,11:25_28/13,10/12/2020,10/12/2020,-,,0
De20_043,11:25_28/13,10/12/2020,10/13/2020,-,,0
De20_044,11:25_28/13,10/13/2020,10/13/2020,-,,0
De20_045,11:25_28/13,10/13/2020,10/13/2020,-,,0
De20_046,11:25_28/13,10/13/2020,10/13/2020,-,,0
De20_047,11:25_28/13,10/13/2020,10/13/2020,-,,0
De20_048,11:25_28/13,10/13/2020,10/13/2020,-,,0
De20_049,11:25_28/13,10/13/2020,10/13/2020,-,,0
De20_050,11:25_28/13,10/13/2020,10/13/2020,-,,0
De20_051,11:25_28/13,10/14/2020,10/14/2020,-,,0
De20_052,11:25_28/13,10/14/2020,10/14/2020,-,,0
De20_053,11:25_28/13,10/14/2020,10/14/2020,-,,0
De20_054,11:25_28/13,10/14/2020,10/14/2020,-,,0
De20_055,11:25_28/13,10/14/2020,10/14/2020,-,,0
De20_056,11:25_28/13,10/14/2020,10/14/2020,-,,0
De20_057,11:25_28/13,10/15/2020,10/15/2020,-,Both original male and female from 10/14 died 10/19; replaced,2
De20_058,11:25_28/13,10/15/2020,10/15/2020,-,Both original male and female from 10/14 died 10/19; replaced,2
De20_059,11:25_28/13,10/14/2020,10/14/2020,-,,0
De20_060,11:25_28/13,10/14/2020,10/14/2020,-,,0
De20_061,11:25_28/13,10/14/2020,10/14/2020,-,Original female from 10/14 died; replaced with same,1
De20_062,11:25_28/13,10/14/2020,10/14/2020,-,,0
De20_063,11:25_28/13,10/14/2020,10/14/2020,-,,0
De20_064,11:25_28/13,10/14/2020,10/14/2020,-,,0
De20_065,11:25_28/13,10/14/2020,10/14/2020,-,,0
De20_066,11:25_28/13,10/14/2020,10/14/2020,-,,0
De20_067,11:25_28/13,10/14/2020,10/14/2020,-,,0
De20_068,11:25_28/13,10/14/2020,10/14/2020,-,,0
De20_069,11:25_28/13,10/14/2020,10/14/2020,-,,0
De20_070,11:25_28/13,10/14/2020,10/14/2020,-,,0
De20_071,11:25_28/13,10/14/2020,10/14/2020,-,,0
De20_072,11:25_28/13,10/15/2020,10/14/2020,-,Original female from 10/14 died on 11/04; replaced ,1
De20_073,11:25_28/13,10/14/2020,10/14/2020,-,,0
De20_074,11:25_28/13,10/14/2020,10/14/2020,-,,0
De20_075,11:25_28/13,10/14/2020,10/14/2020,-,,0
De20_076,11:25_28/13,10/14/2020,10/14/2020,-,,0
De20_077,11:25_28/13,10/15/2020,10/15/2020,-,,0
De20_078,11:25_28/13,10/15/2020,10/15/2020,-,,0
De20_079,11:25_28/13,10/15/2020,10/15/2020,-,,0
De20_080,11:25_28/13,10/15/2020,10/15/2020,-,,0
De20_081,12:20_28/13,10/14/2020,10/14/2020,-,,0
De20_082,12:20_28/13,10/14/2020,10/14/2020,-,,0
De20_083,12:20_28/13,10/14/2020,10/14/2020,-,,0
De20_084,12:20_28/13,10/14/2020,10/14/2020,-,,0
De20_085,12:20_28/13,10/14/2020,10/14/2020,-,,0
De20_086,12:20_28/13,10/14/2020,10/14/2020,-,,0
De20_087,12:20_28/13,10/14/2020,10/14/2020,-,,0
De20_088,12:20_28/13,10/14/2020,10/14/2020,-,,0
De20_089,12:20_28/13,10/14/2020,10/14/2020,-,,0
De20_090,12:20_28/13,10/14/2020,10/14/2020,-,,0
De20_091,12:20_28/13,10/14/2020,10/14/2020,-,,0
De20_092,12:20_28/13,10/14/2020,10/14/2020,-,,0
De20_093,12:20_28/13,10/14/2020,10/14/2020,-,,0
De20_094,12:20_28/13,10/14/2020,10/14/2020,-,,0
De20_095,12:20_28/13,10/14/2020,10/14/2020,-,,0
De20_096,12:20_28/13,10/14/2020,10/14/2020,-,,0
De20_097,12:20_28/13,10/14/2020,10/14/2020,-,,0
De20_098,12:20_28/13,10/14/2020,10/14/2020,-,,0
De20_099,12:20_28/13,10/14/2020,10/14/2020,-,,0
De20_100,12:20_28/13,10/14/2020,10/14/2020,-,,0
De20_101,12:20_28/13,10/14/2020,10/16/2020,-,Original male from 10/14 died on 10/27; replaced,1
De20_102,12:20_28/13,10/14/2020,10/14/2020,-,,0
De20_103,12:20_28/13,10/14/2020,10/14/2020,-,,0
De20_104,12:20_28/13,10/14/2020,10/14/2020,-,,0
De20_105,12:20_28/13,10/14/2020,10/14/2020,-,,0
De20_106,12:20_28/13,10/14/2020,10/14/2020,-,,0
De20_107,12:20_28/13,10/14/2020,10/14/2020,-,,0
De20_108,12:20_28/13,10/14/2020,10/14/2020,-,,0
De20_109,12:20_28/13,10/14/2020,10/16/2020,-,Original male from 10/14 died on 10/27; replaced,1
De20_110,12:20_28/13,10/15/2020,10/15/2020,-,,0
De20_111,12:20_28/13,10/16/2020,10/16/2020,-,,0
De20_112,12:20_28/13,10/16/2020,10/16/2020,-,,0
De20_113,12:20_28/13,10/16/2020,10/16/2020,-,,0
De20_114,12:20_28/13,10/16/2020,10/16/2020,-,,0
De20_115,12:20_28/13,10/16/2020,10/16/2020,-,,0
De20_116,12:20_28/13,10/16/2020,10/16/2020,-,,0
De20_117,12:20_28/13,10/16/2020,10/16/2020,-,Original male and female both died; replaced ,2
De20_118,12:20_28/13,10/16/2020,10/16/2020,-,Original male died; replaced,1
De20_119,12:20_28/13,10/16/2020,10/16/2020,-,,0
De20_120,12:20_28/13,10/16/2020,10/16/2020,-,,0
De20_121,13:15_28/13,10/12/2020,10/12/2020,-,,0
De20_122,13:15_28/13,10/12/2020,10/12/2020,-,,0
De20_123,13:15_28/13,10/12/2020,10/12/2020,-,,0
De20_124,13:15_28/13,10/12/2020,10/12/2020,-,,0
De20_125,13:15_28/13,10/12/2020,10/12/2020,-,,0
De20_126,13:15_28/13,10/12/2020,10/12/2020,-,,0
De20_127,13:15_28/13,10/12/2020,10/12/2020,-,,0
De20_128,13:15_28/13,10/12/2020,10/12/2020,-,,0
De20_129,13:15_28/13,10/12/2020,10/12/2020,-,,0
De20_130,13:15_28/13,10/13/2020,10/13/2020,-,,0
De20_131,13:15_28/13,10/13/2020,10/13/2020,-,,0
De20_132,13:15_28/13,10/13/2020,10/13/2020,-,,0
De20_133,13:15_28/13,10/13/2020,10/13/2020,-,,0
De20_134,13:15_28/13,10/13/2020,10/13/2020,-,,0
De20_135,13:15_28/13,10/13/2020,10/13/2020,-,,0
De20_136,13:15_28/13,10/13/2020,10/13/2020,-,,0
De20_137,13:15_28/13,10/13/2020,10/13/2020,-,,0
De20_138,13:15_28/13,10/13/2020,10/13/2020,-,,0
De20_139,13:15_28/13,10/13/2020,10/13/2020,-,,0
De20_140,13:15_28/13,10/13/2020,10/13/2020,-,,0
De20_141,13:15_28/13,10/13/2020,10/13/2020,-,,0
De20_142,13:15_28/13,10/13/2020,10/13/2020,-,,0
De20_143,13:15_28/13,10/13/2020,10/13/2020,-,,0
De20_144,13:15_28/13,10/13/2020,10/13/2020,-,,0
De20_145,13:15_28/13,10/13/2020,10/13/2020,-,,0
De20_146,13:15_28/13,10/13/2020,10/13/2020,-,,0
De20_147,13:15_28/13,10/13/2020,10/13/2020,-,,0
De20_148,13:15_28/13,10/13/2020,10/13/2020,-,,0
De20_149,13:15_28/13,10/13/2020,10/13/2020,-,,0
De20_150,13:15_28/13,10/13/2020,10/13/2020,-,,0
De20_151,13:15_28/13,10/13/2020,10/13/2020,-,,0
De20_152,13:15_28/13,10/13/2020,10/13/2020,-,,0
De20_153,13:15_28/13,10/13/2020,10/13/2020,-,,0
De20_154,13:15_28/13,10/13/2020,10/13/2020,-,,0
De20_155,13:15_28/13,10/13/2020,10/13/2020,-,,0
De20_156,13:15_28/13,10/13/2020,10/13/2020,-,,0
De20_157,13:15_28/13,10/13/2020,10/13/2020,-,,0
De20_158,13:15_28/13,10/13/2020,10/13/2020,-,,0
De20_159,13:15_28/13,10/13/2020,10/13/2020,-,,0
De20_160,13:15_28/13,10/13/2020,10/13/2020,-,,0
De20_161,14:10_28/13,10/13/2020,10/13/2020,-,,0
De20_162,14:10_28/13,10/14/2020,10/14/2020,-,,0
De20_163,14:10_28/13,10/14/2020,10/14/2020,-,,0
De20_164,14:10_28/13,10/14/2020,10/14/2020,10/23/2020,,0
De20_165,14:10_28/13,10/14/2020,10/14/2020,-,,0
De20_166,14:10_28/13,10/14/2020,10/14/2020,10/21/2020,,0
De20_167,14:10_28/13,10/14/2020,10/14/2020,10/29/2020,,0
De20_168,14:10_28/13,10/14/2020,10/14/2020,10/23/2020,,0
De20_169,14:10_28/13,10/14/2020,10/14/2020,10/21/2020,,0
De20_170,14:10_28/13,10/14/2020,10/14/2020,11/2/2020,,0
De20_171,14:10_28/13,10/14/2020,10/14/2020,-,,0
De20_172,14:10_28/13,10/15/2020,10/15/2020,10/23/2020,,0
De20_173,14:10_28/13,10/15/2020,10/15/2020,-,,0
De20_174,14:10_28/13,10/15/2020,10/15/2020,10/23/2020,,0
De20_175,14:10_28/13,10/15/2020,10/15/2020,10/23/2020,,0
De20_176,14:10_28/13,10/15/2020,10/16/2020,10/29/2020,Original male from 10/15 died on 10/31; replaced,1
De20_177,14:10_28/13,10/15/2020,10/15/2020,-,,0
De20_178,14:10_28/13,10/15/2020,10/15/2020,10/31/2020,,0
De20_179,14:10_28/13,10/15/2020,10/15/2020,10/21/2020,,0
De20_180,14:10_28/13,10/15/2020,10/15/2020,10/23/2020,,0
De20_181,14:10_28/13,10/15/2020,10/15/2020,-,,0
De20_182,14:10_28/13,10/15/2020,10/15/2020,11/2/2020,,0
De20_183,14:10_28/13,10/15/2020,10/16/2020,10/21/2020,Original male from 10/15 died on 10/31; replaced,1
De20_184,14:10_28/13,10/15/2020,10/15/2020,10/21/2020,,0
De20_185,14:10_28/13,10/15/2020,10/15/2020,,,0
De20_186,14:10_28/13,10/15/2020,10/15/2020,10/23/2020,,0
De20_187,14:10_28/13,10/15/2020,10/15/2020,10/25/2020,,0
De20_188,14:10_28/13,10/15/2020,10/16/2020,10/21/2020,Original male from 10/15 died on 10/31; replaced,1
De20_189,14:10_28/13,10/15/2020,10/15/2020,10/21/2020,,0
De20_190,14:10_28/13,10/15/2020,10/15/2020,10/19/2020,,0
De20_191,14:10_28/13,10/15/2020,10/15/2020,-,,0
De20_192,14:10_28/13,10/15/2020,10/15/2020,10/27/2020,,0
De20_193,14:10_28/13,10/15/2020,10/15/2020,10/23/2020,,0
De20_194,14:10_28/13,10/15/2020,10/15/2020,-,,0
De20_195,14:10_28/13,10/15/2020,10/15/2020,10/23/2020,,0
De20_196,14:10_28/13,10/15/2020,10/15/2020,10/21/2020,Original female from 10/15 died on 10/31; replaced,1
De20_197,14:10_28/13,10/15/2020,10/15/2020,10/23/2020,,0
De20_198,14:10_28/13,10/15/2020,10/15/2020,11/6/2020,,0
De20_199,14:10_28/13,10/15/2020,10/15/2020,10/21/2020,,0
De20_200,14:10_28/13,10/15/2020,10/15/2020,10/19/2020,,0
De20_201,15:05_28/13,10/19/2020,10/19/2020,10/29/2020,,
De20_202,15:05_28/13,10/19/2020,10/19/2020,10/27/2020,,
De20_203,15:05_28/13,10/19/2020,10/19/2020,10/27/2020,,
De20_204,15:05_28/13,10/19/2020,10/19/2020,10/27/2020,,
De20_205,15:05_28/13,10/20/2020,10/20/2020,10/29/2020,,
De20_206,15:05_28/13,10/20/2020,10/20/2020,10/31/2020,,
De20_207,15:05_28/13,10/20/2020,10/20/2020,11/2/2020,,
De20_208,15:05_28/13,10/20/2020,10/20/2020,10/25/2020,,
De20_209,15:05_28/13,10/20/2020,10/20/2020,10/29/2020,,
De20_210,15:05_28/13,10/20/2020,10/20/2020,10/25/2020,,
De20_211,15:05_28/13,10/20/2020,10/20/2020,10/29/2020,,
De20_212,15:05_28/13,10/20/2020,10/20/2020,10/27/2020,,
De20_213,15:05_28/13,10/20/2020,10/20/2020,10/27/2020,,
De20_214,15:05_28/13,10/20/2020,10/20/2020,10/29/2020,,
De20_215,15:05_28/13,10/20/2020,10/20/2020,10/29/2020,,
De20_216,15:05_28/13,10/20/2020,10/20/2020,10/29/2020,,
De20_217,15:05_28/13,10/20/2020,10/20/2020,11/2/2020,,
De20_218,15:05_28/13,10/21/2020,10/21/2020,-,,
De20_219,15:05_28/13,10/21/2020,10/21/2020,10/27/2020,,
De20_220,15:05_28/13,10/21/2020,10/21/2020,11/2/2020,,
De20_221,15:05_28/13,10/21/2020,10/21/2020,-,,
De20_222,15:05_28/13,10/21/2020,10/21/2020,10/31/2020,,
De20_223,15:05_28/13,10/21/2020,10/21/2020,10/29/2020,,
De20_224,15:05_28/13,10/21/2020,10/21/2020,11/2/2020,,
De20_225,15:05_28/13,10/21/2020,10/21/2020,10/29/2020,,
De20_226,15:05_28/13,10/21/2020,10/21/2020,10/31/2020,,
De20_227,15:05_28/13,10/21/2020,10/21/2020,10/27/2020,,
De20_228,15:05_28/13,10/21/2020,10/21/2020,10/29/2020,,
De20_229,15:05_28/13,10/21/2020,10/21/2020,11/2/2020,,
De20_230,15:05_28/13,10/21/2020,10/21/2020,10/29/2020,Original male died 10/25; replaced with same,
De20_231,15:05_28/13,10/21/2020,10/21/2020,10/29/2020,,
De20_232,15:05_28/13,10/21/2020,10/21/2020,10/31/2020,,
De20_233,15:05_28/13,10/21/2020,10/21/2020,10/27/2020,,
De20_234,15:05_28/13,10/21/2020,10/21/2020,10/31/2020,,
De20_235,15:05_28/13,10/21/2020,10/21/2020,10/31/2020,,
De20_236,15:05_28/13,10/21/2020,10/21/2020,11/2/2020,,
De20_237,15:05_28/13,10/21/2020,10/21/2020,10/29/2020,,
De20_238,15:05_28/13,10/21/2020,10/21/2020,10/27/2020,,
De20_239,15:05_28/13,10/21/2020,10/21/2020,10/29/2020,,
De20_240,15:05_28/13,10/21/2020,10/21/2020,10/29/2020,,
De20_241,10:30_38/23,10/3/2020,10/2/2020,-,,0
De20_242,10:30_38/23,10/3/2020,10/2/2020,-,,0
De20_243,10:30_38/23,10/3/2020,10/2/2020,-,,0
De20_244,10:30_38/23,10/3/2020,10/2/2020,-,,0
De20_245,10:30_38/23,10/3/2020,10/2/2020,-,,0
De20_246,10:30_38/23,10/3/2020,10/2/2020,-,,0
De20_247,10:30_38/23,10/3/2020,10/2/2020,-,Original female from 10/3  died 10/19; replaced with same,1
De20_248,10:30_38/23,10/3/2020,10/2/2020,-,Original male from 10/2 died 10/19; replaced with same,1
De20_249,10:30_38/23,10/3/2020,10/3/2020,-,,0
De20_250,10:30_38/23,10/3/2020,10/3/2020,-,,0
De20_251,10:30_38/23,10/3/2020,10/3/2020,-,,0
De20_252,10:30_38/23,10/3/2020,10/3/2020,-,,0
De20_253,10:30_38/23,10/3/2020,10/3/2020,-,,0
De20_254,10:30_38/23,10/3/2020,10/3/2020,-,,0
De20_255,10:30_38/23,10/3/2020,10/3/2020,-,,0
De20_256,10:30_38/23,10/3/2020,10/3/2020,-,,0
De20_257,10:30_38/23,10/3/2020,10/3/2020,-,,0
De20_258,10:30_38/23,10/3/2020,10/3/2020,-,,0
De20_259,10:30_38/23,10/3/2020,10/3/2020,-,,0
De20_260,10:30_38/23,10/3/2020,10/3/2020,-,,0
De20_261,10:30_38/23,10/3/2020,10/3/2020,-,,0
De20_262,10:30_38/23,10/3/2020,10/3/2020,-,,0
De20_263,10:30_38/23,10/3/2020,10/3/2020,10/15/2020,,0
De20_264,10:30_38/23,10/3/2020,10/3/2020,-,,0
De20_265,10:30_38/23,10/3/2020,10/3/2020,-,,0
De20_266,10:30_38/23,10/3/2020,10/3/2020,-,Original female from 10/3 died 10/19; replaced with same,1
De20_267,10:30_38/23,10/3/2020,10/3/2020,-,,0
De20_268,10:30_38/23,10/3/2020,10/3/2020,-,,0
De20_269,10:30_38/23,10/3/2020,10/3/2020,-,,0
De20_270,10:30_38/23,10/3/2020,10/3/2020,-,,0
De20_271,10:30_38/23,10/3/2020,10/3/2020,-,,0
De20_272,10:30_38/23,10/3/2020,10/3/2020,-,,0
De20_273,10:30_38/23,10/3/2020,10/3/2020,-,,0
De20_274,10:30_38/23,10/3/2020,10/3/2020,-,,0
De20_275,10:30_38/23,10/3/2020,10/3/2020,-,,0
De20_276,10:30_38/23,10/3/2020,10/3/2020,-,,0
De20_277,10:30_38/23,10/3/2020,10/3/2020,-,,0
De20_278,10:30_38/23,10/3/2020,10/3/2020,-,,0
De20_279,10:30_38/23,10/3/2020,10/3/2020,-,,0
De20_280,10:30_38/23,10/3/2020,10/3/2020,-,Original male from 10/3 died 10/21; replaced with same,1
De20_281,11:25_38/23,10/3/2020,10/2/2020,-,,0
De20_282,11:25_38/23,10/3/2020,10/2/2020,-,,0
De20_283,11:25_38/23,10/3/2020,10/2/2020,-,,0
De20_284,11:25_38/23,10/3/2020,10/3/2020,-,,0
De20_285,11:25_38/23,10/3/2020,10/3/2020,-,,0
De20_286,11:25_38/23,10/3/2020,10/3/2020,-,,0
De20_287,11:25_38/23,10/3/2020,10/4/2020,-,Male missing 10/17; replaced with 10/4; died 10/15; replaced again,2
De20_288,11:25_38/23,10/3/2020,10/3/2020,-,,0
De20_289,11:25_38/23,10/3/2020,10/3/2020,-,,0
De20_290,11:25_38/23,10/4/2020,10/4/2020,-,,0
De20_291,11:25_38/23,10/4/2020,10/4/2020,-,,0
De20_292,11:25_38/23,10/4/2020,10/4/2020,-,,0
De20_293,11:25_38/23,10/4/2020,10/4/2020,-,,0
De20_294,11:25_38/23,10/4/2020,10/4/2020,10/25/2020,,0
De20_295,11:25_38/23,10/4/2020,10/4/2020,-,,0
De20_296,11:25_38/23,10/4/2020,10/4/2020,-,,0
De20_297,11:25_38/23,10/4/2020,10/4/2020,-,,0
De20_298,11:25_38/23,10/4/2020,10/4/2020,-,Female died and replaced,1
De20_299,11:25_38/23,10/4/2020,10/4/2020,-,,0
De20_300,11:25_38/23,10/4/2020,10/4/2020,-,,0
De20_301,11:25_38/23,10/4/2020,10/4/2020,-,,0
De20_302,11:25_38/23,10/4/2020,10/4/2020,-,,0
De20_303,11:25_38/23,10/4/2020,10/4/2020,-,,0
De20_304,11:25_38/23,10/4/2020,10/4/2020,-,,0
De20_305,11:25_38/23,10/4/2020,10/4/2020,-,,0
De20_306,11:25_38/23,10/4/2020,10/4/2020,-,,0
De20_307,11:25_38/23,10/4/2020,10/4/2020,-,,0
De20_308,11:25_38/23,10/4/2020,10/4/2020,-,,0
De20_309,11:25_38/23,10/4/2020,10/4/2020,-,,0
De20_310,11:25_38/23,10/4/2020,10/4/2020,-,,0
De20_311,11:25_38/23,10/4/2020,10/4/2020,-,,0
De20_312,11:25_38/23,10/4/2020,10/4/2020,-,,0
De20_313,11:25_38/23,10/4/2020,10/4/2020,-,,0
De20_314,11:25_38/23,10/4/2020,10/4/2020,-,,0
De20_315,11:25_38/23,10/4/2020,10/4/2020,-,,0
De20_316,11:25_38/23,10/4/2020,10/4/2020,10/9/2020,,0
De20_317,11:25_38/23,10/4/2020,10/4/2020,-,,0
De20_318,11:25_38/23,10/4/2020,10/4/2020,-,,0
De20_319,11:25_38/23,10/4/2020,10/4/2020,-,,0
De20_320,11:25_38/23,10/4/2020,10/4/2020,-,,0
De20_321,12:20_38/23,10/4/2020,10/4/2020,-,,0
De20_322,12:20_38/23,10/5/2020,10/5/2020,-,,0
De20_323,12:20_38/23,10/5/2020,10/5/2020,-,,0
De20_324,12:20_38/23,10/5/2020,10/5/2020,-,,0
De20_325,12:20_38/23,10/5/2020,10/5/2020,-,,0
De20_326,12:20_38/23,10/5/2020,10/5/2020,-,,0
De20_327,12:20_38/23,10/5/2020,10/5/2020,-,,0
De20_328,12:20_38/23,10/5/2020,10/5/2020,-,,0
De20_329,12:20_38/23,10/5/2020,10/5/2020,-,,0
De20_330,12:20_38/23,10/5/2020,10/5/2020,-,,0
De20_331,12:20_38/23,10/5/2020,10/5/2020,-,,0
De20_332,12:20_38/23,10/5/2020,10/5/2020,-,,0
De20_333,12:20_38/23,10/5/2020,10/5/2020,-,,0
De20_334,12:20_38/23,10/5/2020,10/6/2020,-,Original male from 10/5 died 10/15; replaced with 10/06,1
De20_335,12:20_38/23,10/5/2020,10/5/2020,-,,0
De20_336,12:20_38/23,10/5/2020,10/5/2020,-,,0
De20_337,12:20_38/23,10/5/2020,10/5/2020,-,,0
De20_338,12:20_38/23,10/5/2020,10/6/2020,-,Original male from 10/5 died 10/15; replaced with 10/06,1
De20_339,12:20_38/23,10/6/2020,10/5/2020,-,Original female from 10/5 died 10/9; replaced with 10/06,1
De20_340,12:20_38/23,10/5/2020,10/5/2020,-,,0
De20_341,12:20_38/23,10/5/2020,10/5/2020,-,,0
De20_342,12:20_38/23,10/5/2020,10/5/2020,-,,0
De20_343,12:20_38/23,10/5/2020,10/5/2020,-,,0
De20_344,12:20_38/23,10/5/2020,10/5/2020,-,,0
De20_345,12:20_38/23,10/5/2020,10/5/2020,-,,0
De20_346,12:20_38/23,10/5/2020,10/5/2020,-,,0
De20_347,12:20_38/23,10/5/2020,10/5/2020,-,,0
De20_348,12:20_38/23,10/5/2020,10/5/2020,-,,0
De20_349,12:20_38/23,10/5/2020,10/5/2020,-,,0
De20_350,12:20_38/23,10/5/2020,10/5/2020,-,,0
De20_351,12:20_38/23,10/5/2020,10/5/2020,-,,0
De20_352,12:20_38/23,10/5/2020,10/5/2020,-,,0
De20_353,12:20_38/23,10/5/2020,10/5/2020,-,,0
De20_354,12:20_38/23,10/5/2020,10/5/2020,-,,0
De20_355,12:20_38/23,10/5/2020,10/5/2020,-,,0
De20_356,12:20_38/23,10/5/2020,10/5/2020,-,,0
De20_357,12:20_38/23,10/5/2020,10/6/2020,-,,0
De20_358,12:20_38/23,10/6/2020,10/6/2020,-,,0
De20_359,12:20_38/23,10/6/2020,10/6/2020,-,,0
De20_360,12:20_38/23,10/6/2020,10/6/2020,-,,0
De20_361,13:15_38/23,10/6/2020,10/6/2020,-,,0
De20_362,13:15_38/23,10/6/2020,10/6/2020,-,,0
De20_363,13:15_38/23,10/6/2020,10/6/2020,-,,0
De20_364,13:15_38/23,10/6/2020,10/6/2020,-,,0
De20_365,13:15_38/23,10/6/2020,10/6/2020,-,,0
De20_366,13:15_38/23,10/6/2020,10/6/2020,-,,0
De20_367,13:15_38/23,10/6/2020,10/6/2020,-,,0
De20_368,13:15_38/23,10/6/2020,10/6/2020,-,,0
De20_369,13:15_38/23,10/6/2020,10/6/2020,-,,0
De20_370,13:15_38/23,10/6/2020,10/7/2020,-,,0
De20_371,13:15_38/23,10/6/2020,10/7/2020,-,,0
De20_372,13:15_38/23,10/6/2020,10/7/2020,-,,0
De20_373,13:15_38/23,10/6/2020,10/7/2020,-,Original female died 10/23; replaced w same,1
De20_374,13:15_38/23,10/6/2020,10/7/2020,-,,0
De20_375,13:15_38/23,10/6/2020,10/7/2020,-,,0
De20_376,13:15_38/23,10/6/2020,10/7/2020,-,,0
De20_377,13:15_38/23,10/8/2020,10/7/2020,-,Original female from 10/7 died 10/23; replaced w 10/8,1
De20_378,13:15_38/23,10/6/2020,10/7/2020,-,,0
De20_379,13:15_38/23,10/6/2020,10/7/2020,-,,0
De20_380,13:15_38/23,10/7/2020,10/7/2020,-,,0
De20_381,13:15_38/23,10/7/2020,10/7/2020,-,,0
De20_382,13:15_38/23,10/7/2020,10/7/2020,-,,0
De20_383,13:15_38/23,10/7/2020,10/8/2020,-,"Original female from 10/7 died 10/13, replaced w 10/7, then died 10/21, replaced w 10/7; Original male died 10/7, replaced w 10/8",2
De20_384,13:15_38/23,10/7/2020,10/7/2020,-,Male died 10/25; not replaced,1
De20_385,13:15_38/23,10/7/2020,10/7/2020,-,,0
De20_386,13:15_38/23,10/7/2020,10/7/2020,-,,0
De20_387,13:15_38/23,10/7/2020,10/7/2020,-,,0
De20_388,13:15_38/23,10/7/2020,10/7/2020,-,,0
De20_389,13:15_38/23,10/7/2020,10/7/2020,-,,0
De20_390,13:15_38/23,10/7/2020,10/7/2020,-,,0
De20_391,13:15_38/23,10/7/2020,10/7/2020,-,,0
De20_392,13:15_38/23,10/7/2020,10/7/2020,-,,0
De20_393,13:15_38/23,10/7/2020,10/7/2020,-,,0
De20_394,13:15_38/23,10/7/2020,10/7/2020,-,,0
De20_395,13:15_38/23,10/7/2020,10/7/2020,-,,0
De20_396,13:15_38/23,10/7/2020,10/7/2020,-,,0
De20_397,13:15_38/23,10/7/2020,10/7/2020,-,Original female died; replaced w same,1
De20_398,13:15_38/23,10/7/2020,10/7/2020,-,,0
De20_399,13:15_38/23,10/7/2020,10/7/2020,10/19/2020,Original female died; replaced w same,1
De20_400,13:15_38/23,10/7/2020,10/7/2020,-,,0
De20_401,14:10_38/23,10/7/2020,10/7/2020,-,,0
De20_402,14:10_38/23,10/7/2020,10/7/2020,-,,0
De20_403,14:10_38/23,10/7/2020,10/7/2020,-,,0
De20_404,14:10_38/23,10/7/2020,10/7/2020,-,,0
De20_405,14:10_38/23,10/7/2020,10/7/2020,-,,0
De20_406,14:10_38/23,10/8/2020,10/8/2020,-,,0
De20_407,14:10_38/23,10/8/2020,10/8/2020,-,,0
De20_408,14:10_38/23,10/8/2020,10/8/2020,-,,0
De20_409,14:10_38/23,10/8/2020,10/8/2020,-,,0
De20_410,14:10_38/23,10/8/2020,10/8/2020,-,,0
De20_411,14:10_38/23,10/8/2020,10/8/2020,-,,0
De20_412,14:10_38/23,10/8/2020,10/10/2020,-,Original male from 10/8 died on 10/15; replaced with 10/10,1
De20_413,14:10_38/23,10/8/2020,10/8/2020,-,,0
De20_414,14:10_38/23,10/8/2020,10/8/2020,-,,0
De20_415,14:10_38/23,10/8/2020,10/8/2020,-,,0
De20_416,14:10_38/23,10/8/2020,10/8/2020,-,,0
De20_417,14:10_38/23,10/8/2020,10/8/2020,-,,0
De20_418,14:10_38/23,10/8/2020,10/8/2020,-,,0
De20_419,14:10_38/23,10/8/2020,10/8/2020,-,,0
De20_420,14:10_38/23,10/8/2020,10/8/2020,-,,0
De20_421,14:10_38/23,10/8/2020,10/8/2020,-,,0
De20_422,14:10_38/23,10/8/2020,10/8/2020,10/29/2020,,0
De20_423,14:10_38/23,10/8/2020,10/9/2020,-,,0
De20_424,14:10_38/23,10/8/2020,10/9/2020,-,,0
De20_425,14:10_38/23,10/9/2020,10/11/2020,-,Original male from 10/9 died on 10/11; replaced with 10/10; Original female from 10/8 died on 10/23; replaced with 10/9; male died 10/25; replaced with 10/11,3
De20_426,14:10_38/23,10/8/2020,10/9/2020,-,,0
De20_427,14:10_38/23,10/8/2020,10/9/2020,-,,0
De20_428,14:10_38/23,10/8/2020,10/9/2020,-,,0
De20_429,14:10_38/23,10/8/2020,10/10/2020,-,Original male from 10/9 died on 10/17; replaced with 10/10,1
De20_430,14:10_38/23,10/8/2020,10/9/2020,-,,0
De20_431,14:10_38/23,10/8/2020,10/9/2020,-,,0
De20_432,14:10_38/23,10/8/2020,10/9/2020,-,,0
De20_433,14:10_38/23,10/8/2020,10/9/2020,-,,0
De20_434,14:10_38/23,10/8/2020,10/9/2020,-,,0
De20_435,14:10_38/23,10/9/2020,10/9/2020,-,,0
De20_436,14:10_38/23,10/9/2020,10/9/2020,-,Original male from 10/9 died on 10/17; replaced with 10/11,1
De20_437,14:10_38/23,10/9/2020,10/9/2020,-,Male died 10/27; no replacements (all died),1
De20_438,14:10_38/23,10/9/2020,10/9/2020,-,,0
De20_439,14:10_38/23,10/9/2020,10/9/2020,-,,0
De20_440,14:10_38/23,10/9/2020,10/9/2020,-,,0
De20_441,15:05_38/23,10/9/2020,10/9/2020,10/13/2020,,0
De20_442,15:05_38/23,10/9/2020,10/9/2020,10/19/2020,,0
De20_443,15:05_38/23,10/9/2020,10/11/2020,10/15/2020,Original male from 10/9 died on 10/13; replaced w 10/11,1
De20_444,15:05_38/23,10/9/2020,10/9/2020,10/13/2020,,0
De20_445,15:05_38/23,10/9/2020,10/9/2020,10/15/2020,,0
De20_446,15:05_38/23,10/9/2020,10/9/2020,10/13/2020,,0
De20_447,15:05_38/23,10/9/2020,10/9/2020,10/15/2020,,0
De20_448,15:05_38/23,10/10/2020,10/9/2020,10/19/2020,Original female from 10/9 died on 10/17; replaced w 10/10,1
De20_449,15:05_38/23,10/9/2020,10/9/2020,10/13/2020,,0
De20_450,15:05_38/23,10/10/2020,10/10/2020,10/17/2020,,0
De20_451,15:05_38/23,10/10/2020,10/10/2020,10/21/2020,,0
De20_452,15:05_38/23,10/10/2020,10/10/2020,10/15/2020,,0
De20_453,15:05_38/23,10/10/2020,10/10/2020,10/17/2020,,0
De20_454,15:05_38/23,10/10/2020,10/10/2020,10/17/2020,,0
De20_455,15:05_38/23,10/10/2020,10/10/2020,10/15/2020,,0
De20_456,15:05_38/23,10/10/2020,10/10/2020,10/19/2020,,0
De20_457,15:05_38/23,10/10/2020,10/10/2020,10/19/2020,,0
De20_458,15:05_38/23,10/10/2020,10/10/2020,10/15/2020,,0
De20_459,15:05_38/23,10/10/2020,10/10/2020,10/17/2020,,0
De20_460,15:05_38/23,10/10/2020,10/10/2020,10/17/2020,,0
De20_461,15:05_38/23,10/10/2020,10/11/2020,10/17/2020,Original male from 10/10 died on 10/13; replaced w 10/11,1
De20_462,15:05_38/23,10/10/2020,10/10/2020,10/19/2020,,0
De20_463,15:05_38/23,10/10/2020,10/10/2020,10/17/2020,,0
De20_464,15:05_38/23,10/10/2020,10/10/2020,10/15/2020,,0
De20_465,15:05_38/23,10/10/2020,10/10/2020,10/15/2020,,0
De20_466,15:05_38/23,10/10/2020,10/10/2020,10/17/2020,,0
De20_467,15:05_38/23,10/10/2020,10/10/2020,10/17/2020,Original female died on 10/13; replaced w same,1
De20_468,15:05_38/23,10/10/2020,10/10/2020,10/15/2020,,0
De20_469,15:05_38/23,10/10/2020,10/10/2020,10/15/2020,,0
De20_470,15:05_38/23,10/10/2020,10/10/2020,10/17/2020,,0
De20_471,15:05_38/23,10/10/2020,10/10/2020,10/15/2020,,0
De20_472,15:05_38/23,10/10/2020,10/10/2020,10/15/2020,,0
De20_473,15:05_38/23,10/10/2020,10/10/2020,10/15/2020,,0
De20_474,15:05_38/23,10/10/2020,10/10/2020,10/17/2020,,0
De20_475,15:05_38/23,10/10/2020,10/10/2020,10/19/2020,Original male from 10/10 died on 10/13; replaced w 10/11,1
De20_476,15:05_38/23,10/10/2020,10/10/2020,10/15/2020,,0
De20_477,15:05_38/23,10/10/2020,10/10/2020,10/17/2020,,0
De20_478,15:05_38/23,10/10/2020,10/10/2020,10/17/2020,,0
De20_479,15:05_38/23,10/10/2020,10/10/2020,10/15/2020,Original male from 10/10 died on 10/13; replaced w 10/11,1
De20_480,15:05_38/23,10/10/2020,10/10/2020,10/17/2020,,0
Sg20_001,10:30_28/13,9/27/2020,9/27/2020,-,,0
Sg20_002,10:30_28/13,9/27/2020,9/27/2020,-,,0
Sg20_003,10:30_28/13,9/27/2020,9/27/2020,-,,0
Sg20_004,10:30_28/13,9/27/2020,9/28/2020,-,,0
Sg20_005,10:30_28/13,9/28/2020,9/28/2020,-,,0
Sg20_006,10:30_28/13,9/28/2020,9/28/2020,-,,0
Sg20_007,10:30_28/13,9/28/2020,9/28/2020,-,,0
Sg20_008,10:30_28/13,9/28/2020,9/28/2020,-,,0
Sg20_009,10:30_28/13,9/28/2020,9/28/2020,-,,0
Sg20_010,10:30_28/13,9/28/2020,9/28/2020,-,,0
Sg20_011,10:30_28/13,9/28/2020,9/28/2020,-,,0
Sg20_012,10:30_28/13,9/28/2020,9/28/2020,-,,0
Sg20_013,10:30_28/13,9/28/2020,9/28/2020,-,,0
Sg20_014,10:30_28/13,9/28/2020,9/28/2020,-,,0
Sg20_015,10:30_28/13,9/29/2020,9/29/2020,-,,0
Sg20_016,10:30_28/13,9/29/2020,9/29/2020,-,,0
Sg20_017,10:30_28/13,9/30/2020,9/29/2020,-,Original female from 9/29 died 10/17; replaced with 9/30,1
Sg20_018,10:30_28/13,9/29/2020,9/29/2020,-,,0
Sg20_019,10:30_28/13,9/29/2020,9/29/2020,-,,0
Sg20_020,10:30_28/13,9/29/2020,9/29/2020,-,,0
Sg20_021,10:30_28/13,9/29/2020,9/29/2020,-,,0
Sg20_022,10:30_28/13,9/30/2020,9/29/2020,-,,0
Sg20_023,10:30_28/13,9/30/2020,9/29/2020,-,,0
Sg20_024,10:30_28/13,9/30/2020,9/29/2020,-,,0
Sg20_025,10:30_28/13,9/30/2020,9/29/2020,-,,0
Sg20_026,10:30_28/13,9/30/2020,9/29/2020,-,,0
Sg20_027,10:30_28/13,9/30/2020,9/29/2020,-,,0
Sg20_028,10:30_28/13,9/30/2020,9/30/2020,-,,0
Sg20_029,10:30_28/13,9/30/2020,9/30/2020,-,,0
Sg20_030,10:30_28/13,9/30/2020,9/30/2020,-,,0
Sg20_031,10:30_28/13,9/30/2020,9/30/2020,-,,0
Sg20_032,10:30_28/13,9/30/2020,9/30/2020,-,,0
Sg20_033,10:30_28/13,9/30/2020,9/30/2020,-,,0
Sg20_034,10:30_28/13,9/30/2020,9/30/2020,-,,0
Sg20_035,10:30_28/13,9/30/2020,9/30/2020,-,,0
Sg20_036,10:30_28/13,9/30/2020,9/30/2020,-,,0
Sg20_037,10:30_28/13,9/30/2020,9/30/2020,-,,0
Sg20_038,10:30_28/13,9/30/2020,9/30/2020,-,,0
Sg20_039,10:30_28/13,9/30/2020,9/30/2020,-,,0
Sg20_040,10:30_28/13,9/30/2020,9/30/2020,-,,0
Sg20_041,11:25_28/13,9/28/2020,9/28/2020,-,,0
Sg20_042,11:25_28/13,9/28/2020,9/28/2020,-,,0
Sg20_043,11:25_28/13,9/28/2020,9/28/2020,-,,0
Sg20_044,11:25_28/13,9/28/2020,9/28/2020,-,,0
Sg20_045,11:25_28/13,9/28/2020,9/28/2020,-,,0
Sg20_046,11:25_28/13,9/28/2020,9/28/2020,-,,0
Sg20_047,11:25_28/13,9/28/2020,9/28/2020,-,,0
Sg20_048,11:25_28/13,9/28/2020,9/28/2020,-,,0
Sg20_049,11:25_28/13,9/28/2020,9/28/2020,-,,0
Sg20_050,11:25_28/13,9/28/2020,9/28/2020,-,,0
Sg20_051,11:25_28/13,9/28/2020,9/28/2020,-,,0
Sg20_052,11:25_28/13,9/28/2020,9/28/2020,-,,0
Sg20_053,11:25_28/13,9/28/2020,9/28/2020,-,,0
Sg20_054,11:25_28/13,9/28/2020,9/28/2020,-,,0
Sg20_055,11:25_28/13,9/28/2020,9/28/2020,-,,0
Sg20_056,11:25_28/13,9/28/2020,9/28/2020,-,,0
Sg20_057,11:25_28/13,9/29/2020,9/28/2020,-,,0
Sg20_058,11:25_28/13,9/29/2020,9/28/2020,-,,0
Sg20_059,11:25_28/13,9/29/2020,9/28/2020,-,,0
Sg20_060,11:25_28/13,9/29/2020,9/28/2020,-,,0
Sg20_061,11:25_28/13,9/29/2020,9/29/2020,-,,0
Sg20_062,11:25_28/13,9/29/2020,9/29/2020,-,,0
Sg20_063,11:25_28/13,9/29/2020,9/29/2020,-,,0
Sg20_064,11:25_28/13,9/29/2020,9/29/2020,-,,0
Sg20_065,11:25_28/13,9/29/2020,9/29/2020,-,,0
Sg20_066,11:25_28/13,9/29/2020,9/29/2020,-,,0
Sg20_067,11:25_28/13,9/29/2020,9/29/2020,-,,0
Sg20_068,11:25_28/13,9/29/2020,9/29/2020,-,,0
Sg20_069,11:25_28/13,9/29/2020,9/29/2020,-,,0
Sg20_070,11:25_28/13,9/29/2020,9/29/2020,10/17/2020,,0
Sg20_071,11:25_28/13,9/29/2020,9/29/2020,-,,0
Sg20_072,11:25_28/13,9/29/2020,9/29/2020,-,,0
Sg20_073,11:25_28/13,9/29/2020,9/29/2020,-,,0
Sg20_074,11:25_28/13,9/29/2020,9/29/2020,-,,0
Sg20_075,11:25_28/13,9/29/2020,9/29/2020,-,,0
Sg20_076,11:25_28/13,9/29/2020,9/29/2020,-,,0
Sg20_077,11:25_28/13,9/29/2020,9/29/2020,-,,0
Sg20_078,11:25_28/13,9/29/2020,9/29/2020,-,,0
Sg20_079,11:25_28/13,9/29/2020,9/29/2020,-,,0
Sg20_080,11:25_28/13,9/29/2020,9/29/2020,-,,0
Sg20_081,12:20_28/13,9/24/2020,9/24/2020,-,,0
Sg20_082,12:20_28/13,9/24/2020,9/24/2020,-,,0
Sg20_083,12:20_28/13,9/24/2020,9/24/2020,-,,0
Sg20_084,12:20_28/13,9/24/2020,9/24/2020,-,,0
Sg20_085,12:20_28/13,9/24/2020,9/24/2020,-,,0
Sg20_086,12:20_28/13,9/24/2020,9/24/2020,-,,0
Sg20_087,12:20_28/13,9/24/2020,9/24/2020,-,,0
Sg20_088,12:20_28/13,9/24/2020,9/24/2020,-,,0
Sg20_089,12:20_28/13,9/24/2020,9/24/2020,-,,0
Sg20_090,12:20_28/13,9/24/2020,9/24/2020,-,,0
Sg20_091,12:20_28/13,9/24/2020,9/24/2020,-,,0
Sg20_092,12:20_28/13,9/24/2020,9/24/2020,-,,0
Sg20_093,12:20_28/13,9/24/2020,9/24/2020,-,,0
Sg20_094,12:20_28/13,9/24/2020,9/24/2020,-,,0
Sg20_095,12:20_28/13,9/24/2020,9/24/2020,-,,0
Sg20_096,12:20_28/13,9/24/2020,9/24/2020,-,,0
Sg20_097,12:20_28/13,9/24/2020,9/24/2020,-,,0
Sg20_098,12:20_28/13,9/24/2020,9/24/2020,-,,0
Sg20_099,12:20_28/13,9/24/2020,9/24/2020,-,,0
Sg20_100,12:20_28/13,9/24/2020,9/24/2020,-,,0
Sg20_101,12:20_28/13,9/24/2020,9/24/2020,-,,0
Sg20_102,12:20_28/13,9/25/2020,9/25/2020,-,,0
Sg20_103,12:20_28/13,9/25/2020,9/25/2020,-,,0
Sg20_104,12:20_28/13,9/25/2020,9/25/2020,-,,0
Sg20_105,12:20_28/13,9/25/2020,9/25/2020,-,,0
Sg20_106,12:20_28/13,9/25/2020,9/25/2020,-,,0
Sg20_107,12:20_28/13,9/25/2020,9/25/2020,-,,0
Sg20_108,12:20_28/13,9/25/2020,9/25/2020,-,,0
Sg20_109,12:20_28/13,9/25/2020,9/25/2020,-,,0
Sg20_110,12:20_28/13,9/25/2020,9/25/2020,-,,0
Sg20_111,12:20_28/13,9/25/2020,9/25/2020,-,,0
Sg20_112,12:20_28/13,9/25/2020,9/25/2020,-,,0
Sg20_113,12:20_28/13,9/25/2020,9/25/2020,-,,0
Sg20_114,12:20_28/13,9/25/2020,9/25/2020,-,,0
Sg20_115,12:20_28/13,9/25/2020,9/25/2020,-,,0
Sg20_116,12:20_28/13,9/25/2020,9/25/2020,-,,0
Sg20_117,12:20_28/13,9/25/2020,9/25/2020,-,,0
Sg20_118,12:20_28/13,9/25/2020,9/25/2020,-,,0
Sg20_119,12:20_28/13,9/25/2020,9/25/2020,-,,0
Sg20_120,12:20_28/13,9/25/2020,9/25/2020,-,,0
Sg20_121,13:15_28/13,9/24/2020,9/24/2020,-,,0
Sg20_122,13:15_28/13,9/24/2020,9/24/2020,-,,0
Sg20_123,13:15_28/13,9/24/2020,9/24/2020,-,,0
Sg20_124,13:15_28/13,9/24/2020,9/24/2020,-,,0
Sg20_125,13:15_28/13,9/24/2020,9/24/2020,-,,0
Sg20_126,13:15_28/13,9/24/2020,9/24/2020,-,,0
Sg20_127,13:15_28/13,9/24/2020,9/24/2020,9/29/2020,,0
Sg20_128,13:15_28/13,9/24/2020,9/24/2020,-,,0
Sg20_129,13:15_28/13,9/24/2020,9/24/2020,-,,0
Sg20_130,13:15_28/13,9/24/2020,9/24/2020,-,,0
Sg20_131,13:15_28/13,9/24/2020,9/24/2020,-,,0
Sg20_132,13:15_28/13,9/24/2020,9/24/2020,-,,0
Sg20_133,13:15_28/13,9/24/2020,9/24/2020,-,,0
Sg20_134,13:15_28/13,9/24/2020,9/24/2020,-,,0
Sg20_135,13:15_28/13,9/24/2020,9/24/2020,-,,0
Sg20_136,13:15_28/13,9/24/2020,9/24/2020,10/7/2020,,0
Sg20_137,13:15_28/13,9/24/2020,9/24/2020,-,,0
Sg20_138,13:15_28/13,9/25/2020,9/24/2020,-,,0
Sg20_139,13:15_28/13,9/25/2020,9/24/2020,-,,0
Sg20_140,13:15_28/13,9/25/2020,9/24/2020,-,,0
Sg20_141,13:15_28/13,9/25/2020,9/24/2020,-,,0
Sg20_142,13:15_28/13,9/25/2020,9/24/2020,-,,0
Sg20_143,13:15_28/13,9/25/2020,9/25/2020,-,,0
Sg20_144,13:15_28/13,9/25/2020,9/25/2020,-,,0
Sg20_145,13:15_28/13,9/25/2020,9/25/2020,-,,0
Sg20_146,13:15_28/13,9/25/2020,9/25/2020,-,,0
Sg20_147,13:15_28/13,9/25/2020,9/25/2020,-,,0
Sg20_148,13:15_28/13,9/25/2020,9/25/2020,-,,0
Sg20_149,13:15_28/13,9/25/2020,9/25/2020,-,,0
Sg20_150,13:15_28/13,9/25/2020,9/25/2020,-,,0
Sg20_151,13:15_28/13,9/25/2020,9/25/2020,-,,0
Sg20_152,13:15_28/13,9/25/2020,9/25/2020,10/1/2020,,0
Sg20_153,13:15_28/13,9/25/2020,9/25/2020,-,,0
Sg20_154,13:15_28/13,9/25/2020,9/25/2020,-,,0
Sg20_155,13:15_28/13,9/25/2020,9/25/2020,-,,0
Sg20_156,13:15_28/13,9/25/2020,9/25/2020,-,,0
Sg20_157,13:15_28/13,9/25/2020,9/25/2020,-,,0
Sg20_158,13:15_28/13,9/25/2020,9/25/2020,-,,0
Sg20_159,13:15_28/13,9/25/2020,9/25/2020,-,,0
Sg20_160,13:15_28/13,9/27/2020,9/27/2020,-,,0
Sg20_161,14:10_28/13,9/29/2020,9/29/2020,10/15/2020,,0
Sg20_162,14:10_28/13,9/29/2020,9/29/2020,10/7/2020,,0
Sg20_163,14:10_28/13,9/29/2020,9/29/2020,10/17/2020,,0
Sg20_164,14:10_28/13,9/29/2020,9/29/2020,10/7/2020,,0
Sg20_165,14:10_28/13,9/29/2020,9/29/2020,10/9/2020,,0
Sg20_166,14:10_28/13,9/30/2020,9/29/2020,10/5/2020,Male died 10/7,1
Sg20_167,14:10_28/13,9/30/2020,9/30/2020,10/5/2020,,0
Sg20_168,14:10_28/13,9/30/2020,9/30/2020,10/5/2020,,0
Sg20_169,14:10_28/13,9/30/2020,9/30/2020,10/15/2020,,0
Sg20_170,14:10_28/13,9/30/2020,9/30/2020,10/7/2020,,0
Sg20_171,14:10_28/13,9/30/2020,9/30/2020,10/7/2020,,0
Sg20_172,14:10_28/13,9/30/2020,9/30/2020,10/9/2020,,0
Sg20_173,14:10_28/13,9/30/2020,9/30/2020,10/11/2020,,0
Sg20_174,14:10_28/13,9/30/2020,9/30/2020,10/5/2020,,0
Sg20_175,14:10_28/13,9/30/2020,9/30/2020,10/7/2020,,0
Sg20_176,14:10_28/13,9/30/2020,9/30/2020,10/7/2020,,0
Sg20_177,14:10_28/13,9/30/2020,9/30/2020,-,,0
Sg20_178,14:10_28/13,9/30/2020,9/30/2020,10/9/2020,,0
Sg20_179,14:10_28/13,9/30/2020,9/30/2020,10/9/2020,,0
Sg20_180,14:10_28/13,9/30/2020,9/30/2020,10/9/2020,,0
Sg20_181,14:10_28/13,9/30/2020,9/30/2020,10/11/2020,,0
Sg20_182,14:10_28/13,9/30/2020,9/30/2020,-,,0
Sg20_183,14:10_28/13,9/30/2020,9/30/2020,10/7/2020,,0
Sg20_184,14:10_28/13,9/30/2020,9/30/2020,10/7/2020,,0
Sg20_185,14:10_28/13,9/30/2020,9/30/2020,-,,0
Sg20_186,14:10_28/13,9/30/2020,10/1/2020,10/9/2020,,0
Sg20_187,14:10_28/13,9/30/2020,10/1/2020,10/11/2020,,0
Sg20_188,14:10_28/13,10/1/2020,10/1/2020,10/5/2020,,0
Sg20_189,14:10_28/13,10/1/2020,10/1/2020,10/11/2020,,0
Sg20_190,14:10_28/13,10/1/2020,10/1/2020,10/7/2020,,0
Sg20_191,14:10_28/13,10/1/2020,10/1/2020,10/9/2020,,0
Sg20_192,14:10_28/13,10/1/2020,10/1/2020,-,,0
Sg20_193,14:10_28/13,10/1/2020,10/1/2020,10/7/2020,,0
Sg20_194,14:10_28/13,10/1/2020,10/1/2020,10/7/2020,,0
Sg20_195,14:10_28/13,10/1/2020,10/1/2020,10/11/2020,,0
Sg20_196,14:10_28/13,10/1/2020,10/1/2020,10/11/2020,,0
Sg20_197,14:10_28/13,10/1/2020,10/1/2020,10/9/2020,,0
Sg20_198,14:10_28/13,10/1/2020,10/1/2020,10/5/2020,Original female died 10/15; same eclosure; eggs again 10/21,1
Sg20_199,14:10_28/13,10/1/2020,10/1/2020,10/5/2020,,0
Sg20_200,14:10_28/13,10/1/2020,10/1/2020,10/7/2020,,0
Sg20_201,15:05_28/13,10/1/2020,10/1/2020,10/11/2020,,
Sg20_202,15:05_28/13,10/1/2020,10/1/2020,-,,
Sg20_203,15:05_28/13,10/1/2020,10/1/2020,10/9/2020,,
Sg20_204,15:05_28/13,10/1/2020,10/1/2020,10/9/2020,,
Sg20_205,15:05_28/13,10/1/2020,10/1/2020,10/11/2020,,
Sg20_206,15:05_28/13,10/1/2020,10/1/2020,10/9/2020,,
Sg20_207,15:05_28/13,10/1/2020,10/1/2020,10/13/2020,,
Sg20_208,15:05_28/13,10/1/2020,10/2/2020,10/9/2020,,
Sg20_209,15:05_28/13,10/1/2020,10/2/2020,10/9/2020,,
Sg20_210,15:05_28/13,10/1/2020,10/2/2020,10/9/2020,,
Sg20_211,15:05_28/13,10/1/2020,10/2/2020,10/13/2020,,
Sg20_212,15:05_28/13,10/2/2020,10/2/2020,11/2/2020,,
Sg20_213,15:05_28/13,10/2/2020,10/2/2020,10/7/2020,,
Sg20_214,15:05_28/13,10/2/2020,10/3/2020,10/13/2020,,
Sg20_215,15:05_28/13,10/2/2020,10/3/2020,10/11/2020,,
Sg20_216,15:05_28/13,10/2/2020,10/3/2020,10/13/2020,,
Sg20_217,15:05_28/13,10/2/2020,10/3/2020,10/9/2020,,
Sg20_218,15:05_28/13,10/2/2020,10/4/2020,10/11/2020,,
Sg20_219,15:05_28/13,10/2/2020,10/4/2020,10/17/2020,,
Sg20_220,15:05_28/13,10/2/2020,10/4/2020,10/15/2020,,
Sg20_221,15:05_28/13,10/2/2020,10/4/2020,10/13/2020,,
Sg20_222,15:05_28/13,10/2/2020,10/4/2020,10/11/2020,,
Sg20_223,15:05_28/13,10/2/2020,10/4/2020,1/11/2020,,
Sg20_224,15:05_28/13,10/2/2020,10/4/2020,10/13/2020,,
Sg20_225,15:05_28/13,10/2/2020,10/4/2020,10/23/2020,,
Sg20_226,15:05_28/13,10/2/2020,10/4/2020,10/15/2020,,
Sg20_227,15:05_28/13,10/2/2020,10/4/2020,10/11/2020,,
Sg20_228,15:05_28/13,10/2/2020,10/4/2020,10/17/2020,,
Sg20_229,15:05_28/13,10/3/2020,10/5/2020,10/13/2020,,
Sg20_230,15:05_28/13,10/3/2020,10/5/2020,10/11/2020,,
Sg20_231,15:05_28/13,10/3/2020,10/5/2020,10/15/2020,,
Sg20_232,15:05_28/13,10/3/2020,10/5/2020,10/13/2020,,
Sg20_233,15:05_28/13,10/3/2020,10/5/2020,10/13/2020,,
Sg20_234,15:05_28/13,10/4/2020,10/5/2020,10/11/2020,,
Sg20_235,15:05_28/13,10/4/2020,10/5/2020,10/13/2020,,
Sg20_236,15:05_28/13,10/26/2020,10/26/2020,11/13/2020,,
Sg20_237,15:05_28/13,10/26/2020,10/26/2020,11/4/2020,,
Sg20_238,15:05_28/13,10/26/2020,10/26/2020,11/6/2020,,
Sg20_239,15:05_28/13,10/26/2020,10/26/2020,11/6/2020,,
Sg20_240,15:05_28/13,10/26/2020,10/26/2020,11/4/2020,,
Sg20_241,10:30_38/23,9/14/2020,9/18/2020,-,original 9/14 male died on 9/17,1
Sg20_242,10:30_38/23,9/14/2020,9/14/2020,-,,0
Sg20_243,10:30_38/23,9/15/2020,9/16/2020,-,original 9/15 male died 9/23; no replacement until 9/27 from #251,1
Sg20_244,10:30_38/23,9/15/2020,9/15/2020,-,,0
Sg20_245,10:30_38/23,10/1/2020,10/1/2020,10/7/2020,original male and female  9/15  eggs 9/21 died 9/25; replaced 10/1,
Sg20_246,10:30_38/23,9/15/2020,10/2/2020,10/19/2020,,
Sg20_247,10:30_38/23,9/15/2020,9/15/2020,9/23/2020,,
Sg20_248,10:30_38/23,9/16/2020,9/16/2020,9/25/2020,,
Sg20_249,10:30_38/23,9/16/2020,9/16/2020,-,original male from 9/16 died; replaced 9/23,
Sg20_250,10:30_38/23,9/16/2020,9/19/2020,-,original male from 9/16 died; replaced with 9/19 male on 9/21; died and replaced on 9/23,
Sg20_251,10:30_38/23,10/1/2020,10/1/2020,,original  female died 9/27; male moved to #243; replaced 10/1,
Sg20_252,10:30_38/23,9/16/2020,9/17/2020,9/29/2020,,
Sg20_253,10:30_38/23,9/16/2020,9/15/2020,-,original male died 9/17; replaced with #245 male,
Sg20_254,10:30_38/23,9/16/2020,9/17/2020,-,,
Sg20_255,10:30_38/23,9/16/2020,9/17/2020,-,,
Sg20_256,10:30_38/23,9/16/2020,9/17/2020,-,,
Sg20_257,10:30_38/23,9/16/2020,9/17/2020,-,,
Sg20_258,10:30_38/23,9/16/2020,9/17/2020,-,,
Sg20_259,10:30_38/23,10/3/2020,9/17/2020,10/15/2020,original female from 9/17 died on 9/25; replaced with 10/02 on 10/03; died 10/11; replaced with 10/03,
Sg20_260,10:30_38/23,9/18/2020,9/18/2020,-,,
Sg20_261,10:30_38/23,9/18/2020,9/18/2020,-,,
Sg20_262,10:30_38/23,9/18/2020,9/18/2020,-,,
Sg20_263,10:30_38/23,9/18/2020,9/18/2020,-,,
Sg20_264,10:30_38/23,9/19/2020,9/19/2020,-,,
Sg20_265,10:30_38/23,10/1/2020,10/1/2020,-,,
Sg20_266,10:30_38/23,10/1/2020,10/1/2020,-,,
Sg20_267,10:30_38/23,10/1/2020,10/1/2020,-,,
Sg20_268,10:30_38/23,10/1/2020,10/1/2020,-,,
Sg20_269,10:30_38/23,10/1/2020,10/1/2020,-,,
Sg20_270,10:30_38/23,10/1/2020,10/2/2020,-,original male from 10/1 died on 10/07; replaced with 10/2,
Sg20_271,10:30_38/23,10/1/2020,10/3/2020,-,original male from 10/1 died on 10/15; replaced with 10/3,
Sg20_272,10:30_38/23,10/1/2020,10/1/2020,-,,
Sg20_273,10:30_38/23,10/1/2020,10/1/2020,-,,
Sg20_274,10:30_38/23,10/1/2020,10/1/2020,-,,
Sg20_275,10:30_38/23,10/1/2020,10/3/2020,-,original male from 10/1 died on 10/15; replaced with 10/3,
Sg20_276,10:30_38/23,10/1/2020,10/1/2020,-,,
Sg20_277,10:30_38/23,10/1/2020,10/1/2020,-,,
Sg20_278,10:30_38/23,10/1/2020,10/1/2020,-,,
Sg20_279,10:30_38/23,10/2/2020,10/2/2020,-,,
Sg20_280,10:30_38/23,10/3/2020,10/2/2020,-,original female from 10/2 died on 10/21; replaced with 10/3,
Sg20_281,11:25_38/23,9/14/2020,9/14/2020,-,,
Sg20_282,11:25_38/23,9/14/2020,9/14/2020,-,,
Sg20_283,11:25_38/23,9/14/2020,9/14/2020,-,,
Sg20_284,11:25_38/23,9/14/2020,9/14/2020,-,,
Sg20_285,11:25_38/23,9/14/2020,9/14/2020,-,,
Sg20_286,11:25_38/23,9/14/2020,9/14/2020,-,,
Sg20_287,11:25_38/23,9/14/2020,9/14/2020,-,,
Sg20_288,11:25_38/23,9/14/2020,9/16/2020,-,,
Sg20_289,11:25_38/23,9/14/2020,9/14/2020,-,,
Sg20_290,11:25_38/23,9/14/2020,9/14/2020,-,,
Sg20_291,11:25_38/23,9/14/2020,9/14/2020,-,,
Sg20_292,11:25_38/23,9/14/2020,9/16/2020,-,,
Sg20_293,11:25_38/23,9/14/2020,9/14/2020,9/27/2020,original male from 9/14 died; new male from 9/16 paired on 9/18 died; final male on 9/27 from 9/16,
Sg20_294,11:25_38/23,9/14/2020,9/14/2020,-,,
Sg20_295,11:25_38/23,9/14/2020,9/14/2020,-,,
Sg20_296,11:25_38/23,9/14/2020,9/14/2020,-,,
Sg20_297,11:25_38/23,9/14/2020,9/14/2020,-,,
Sg20_298,11:25_38/23,9/14/2020,9/14/2020,-,,
Sg20_299,11:25_38/23,9/14/2020,9/15/2020,-,,
Sg20_300,11:25_38/23,9/14/2020,9/15/2020,-,,
Sg20_301,11:25_38/23,9/14/2020,9/16/2020,-,Original male died; new male 10/1 same eclosure,
Sg20_302,11:25_38/23,9/14/2020,9/15/2020,-,,
Sg20_303,11:25_38/23,9/14/2020,9/15/2020,-,,
Sg20_304,11:25_38/23,9/14/2020,9/15/2020,-,,
Sg20_305,11:25_38/23,9/15/2020,9/15/2020,-,,
Sg20_306,11:25_38/23,9/15/2020,9/15/2020,-,,
Sg20_307,11:25_38/23,9/15/2020,9/16/2020,-,New male on 9/25 from 9/16; original male eclosed 9/15,
Sg20_308,11:25_38/23,9/15/2020,9/15/2020,-,,
Sg20_309,11:25_38/23,9/15/2020,9/15/2020,9/21/2020,,
Sg20_310,11:25_38/23,9/15/2020,9/15/2020,-,,
Sg20_311,11:25_38/23,9/15/2020,9/15/2020,-,,
Sg20_312,11:25_38/23,9/15/2020,9/15/2020,-,,
Sg20_313,11:25_38/23,9/15/2020,9/15/2020,-,,
Sg20_314,11:25_38/23,9/15/2020,9/15/2020,9/27/2020,Original male died 9/17; replaced with male from 9/15; original female died 9/23; replaced with another from 9/15,
Sg20_315,11:25_38/23,9/15/2020,9/15/2020,-,,
Sg20_316,11:25_38/23,9/15/2020,9/15/2020,-,,
Sg20_317,11:25_38/23,9/15/2020,9/15/2020,9/21/2020,,
Sg20_318,11:25_38/23,9/15/2020,9/16/2020,-,Original male died 9/18; replaced with one from 9/16,
Sg20_319,11:25_38/23,9/15/2020,9/15/2020,9/21/2020,,
Sg20_320,11:25_38/23,9/15/2020,9/15/2020,9/21/2020,,
Sg20_321,12:20_38/23,9/15/2020,9/15/2020,-,,
Sg20_322,12:20_38/23,9/15/2020,,9/18/2020,,
Sg20_323,12:20_38/23,9/16/2020,9/18/2020,-,original male from 9/16 died on 10/1; replaced with 9/18 male,
Sg20_324,12:20_38/23,9/16/2020,9/16/2020,-,,
Sg20_325,12:20_38/23,9/16/2020,9/16/2020,-,,
Sg20_326,12:20_38/23,9/16/2020,9/16/2020,-,,
Sg20_327,12:20_38/23,9/18/2020,9/16/2020,-,original female from 9/16 died on 10/1; replaced with 9/18,
Sg20_328,12:20_38/23,9/16/2020,9/17/2020,-,original male from 9/16 died; replaced with 9/17 male; died on 9/21; replaced with 9/17 male,
Sg20_329,12:20_38/23,9/16/2020,9/16/2020,-,original male from 9/16 died on 9/21; replaced with 9/18 male,
Sg20_330,12:20_38/23,9/16/2020,9/16/2020,-,,
Sg20_331,12:20_38/23,9/16/2020,9/16/2020,-,,
Sg20_332,12:20_38/23,9/16/2020,9/16/2020,-,,
Sg20_333,12:20_38/23,9/16/2020,9/17/2020,-,male died; replaced; same eclosure,
Sg20_334,12:20_38/23,9/16/2020,9/17/2020,-,,
Sg20_335,12:20_38/23,9/16/2020,9/17/2020,-,,
Sg20_336,12:20_38/23,9/16/2020,9/17/2020,-,,
Sg20_337,12:20_38/23,9/16/2020,9/17/2020,-,,
Sg20_338,12:20_38/23,9/16/2020,9/17/2020,9/21/2020,male died 9/21; not replaced,
Sg20_339,12:20_38/23,9/16/2020,9/18/2020,-,original female died 9/29; replaced; same eclosure,
Sg20_340,12:20_38/23,9/16/2020,9/17/2020,-,,
Sg20_341,12:20_38/23,9/17/2020,9/17/2020,-,,
Sg20_342,12:20_38/23,9/17/2020,9/17/2020,9/23/2020,,
Sg20_343,12:20_38/23,9/17/2020,9/17/2020,-,,
Sg20_344,12:20_38/23,9/17/2020,9/17/2020,-,,
Sg20_345,12:20_38/23,9/17/2020,9/17/2020,-,,
Sg20_346,12:20_38/23,9/17/2020,9/17/2020,-,,
Sg20_347,12:20_38/23,9/17/2020,9/17/2020,9/29/2020,,
Sg20_348,12:20_38/23,9/17/2020,9/17/2020,-,,
Sg20_349,12:20_38/23,9/17/2020,9/17/2020,9/23/2020,,
Sg20_350,12:20_38/23,9/17/2020,9/17/2020,-,,
Sg20_351,12:20_38/23,9/17/2020,9/17/2020,-,,
Sg20_352,12:20_38/23,9/17/2020,9/17/2020,-,,
Sg20_353,12:20_38/23,9/17/2020,9/17/2020,-,,
Sg20_354,12:20_38/23,9/17/2020,9/17/2020,-,,
Sg20_355,12:20_38/23,9/17/2020,9/17/2020,-,,
Sg20_356,12:20_38/23,9/17/2020,9/17/2020,-,,
Sg20_357,12:20_38/23,9/17/2020,9/17/2020,9/23/2020,,
Sg20_358,12:20_38/23,9/17/2020,9/17/2020,-,,
Sg20_359,12:20_38/23,9/17/2020,9/17/2020,9/29/2020,,
Sg20_360,12:20_38/23,9/17/2020,9/17/2020,9/29/2020,,
Sg20_361,13:15_38/23,9/16/2020,9/16/2020,-,,
Sg20_362,13:15_38/23,9/16/2020,9/16/2020,-,,
Sg20_363,13:15_38/23,9/16/2020,9/16/2020,-,male died 9/25; not replaced,
Sg20_364,13:15_38/23,9/16/2020,9/16/2020,-,,
Sg20_365,13:15_38/23,9/16/2020,9/16/2020,-,,
Sg20_366,13:15_38/23,NA,9/17/2020,NA,original female from 9/16 died 10/9; replaced with 9/18 female; died 10/13; no replacement,
Sg20_367,13:15_38/23,9/18/2020,9/17/2020,-,original female from 9/16 died 10/13; replaced with 9/18 female,
Sg20_368,13:15_38/23,9/16/2020,9/17/2020,9/21/2020,,
Sg20_369,13:15_38/23,9/16/2020,9/17/2020,-,,
Sg20_370,13:15_38/23,9/16/2020,9/17/2020,-,,
Sg20_371,13:15_38/23,9/16/2020,9/17/2020,-,,
Sg20_372,13:15_38/23,9/17/2020,9/17/2020,-,,
Sg20_373,13:15_38/23,9/17/2020,9/17/2020,-,,
Sg20_374,13:15_38/23,9/18/2020,NA,-,original male and female from 9/17 died 9/27; replaced with 9/18 female; no male?,
Sg20_375,13:15_38/23,9/17/2020,9/17/2020,-,,
Sg20_376,13:15_38/23,9/17/2020,9/18/2020,-,,
Sg20_377,13:15_38/23,9/17/2020,9/18/2020,-,,
Sg20_378,13:15_38/23,9/17/2020,9/18/2020,-,,
Sg20_379,13:15_38/23,9/17/2020,9/18/2020,-,,
Sg20_380,13:15_38/23,9/17/2020,9/18/2020,-,,
Sg20_381,13:15_38/23,9/17/2020,9/18/2020,9/27/2020,,
Sg20_382,13:15_38/23,9/18/2020,9/18/2020,-,Original female deom 9/17 died 9/27;  replaced with female 9/18,
Sg20_383,13:15_38/23,9/17/2020,9/18/2020,,,
Sg20_384,13:15_38/23,9/18/2020,9/18/2020,,,
Sg20_385,13:15_38/23,9/18/2020,9/18/2020,-,original female from 9/18 died on 9/25; replaced with same eclosure,
Sg20_386,13:15_38/23,9/18/2020,9/18/2020,,,
Sg20_387,13:15_38/23,9/18/2020,9/18/2020,,,
Sg20_388,13:15_38/23,9/18/2020,9/18/2020,,,
Sg20_389,13:15_38/23,9/18/2020,NA,9/23/2020,original male from9/18 died 9/21; not replaced,
Sg20_390,13:15_38/23,9/19/2020,9/18/2020,,,
Sg20_391,13:15_38/23,9/18/2020,9/20/2020,-,original female from 9/19 died on 10/9; replaced with 9/18,
Sg20_392,13:15_38/23,NA,NA,NA,,
Sg20_393,13:15_38/23,NA,NA,NA,,
Sg20_394,13:15_38/23,NA,NA,NA,,
Sg20_395,13:15_38/23,NA,NA,NA,,
Sg20_396,13:15_38/23,NA,NA,NA,,
Sg20_397,13:15_38/23,NA,NA,NA,,
Sg20_398,13:15_38/23,NA,NA,NA,,
Sg20_399,13:15_38/23,NA,NA,NA,,
Sg20_400,13:15_38/23,NA,NA,NA,,
Sg20_401,14:10_38/23,9/15/2020,9/15/2020,9/27/2020,Both died 10/05; not replaced,
Sg20_402,14:10_38/23,9/15/2020,9/15/2020,-,,
Sg20_403,14:10_38/23,9/15/2020,9/16/2020,-,,
Sg20_404,14:10_38/23,9/15/2020,9/16/2020,-,,
Sg20_405,14:10_38/23,9/16/2020,9/18/2020,9/23/2020,"missing male, added 9/17; male died 9/23; replaced with 9/18 male from 1505",
Sg20_406,14:10_38/23,9/16/2020,9/16/2020,9/23/2020,female died 10/05,
Sg20_407,14:10_38/23,9/16/2020,9/16/2020,-,both died 10/07; fungus?,
Sg20_408,14:10_38/23,9/17/2020,9/17/2020,-,,
Sg20_409,14:10_38/23,9/17/2020,9/17/2020,9/25/2020,original male from 9/17 died 9/23; replaced with 9/18 male from 1505,
Sg20_410,14:10_38/23,9/17/2020,9/17/2020,9/27/2020,male died 10/05; female died 10/09; not replaced,
Sg20_411,14:10_38/23,9/17/2020,9/17/2020,-,,
Sg20_412,14:10_38/23,9/18/2020,9/17/2020,-,original female from 9/17 died; replaced with 9/18,
Sg20_413,14:10_38/23,9/17/2020,9/17/2020,10/9/2020,,
Sg20_414,14:10_38/23,9/17/2020,9/17/2020,9/23/2020,,
Sg20_415,14:10_38/23,9/17/2020,9/17/2020,9/29/2020,original male from 9/17 died 10/05; not replaced; female died 10/11,
Sg20_416,14:10_38/23,9/17/2020,9/17/2020,-,,
Sg20_417,14:10_38/23,9/17/2020,9/17/2020,9/25/2020,,
Sg20_418,14:10_38/23,9/17/2020,9/17/2020,-,,
Sg20_419,14:10_38/23,9/16/2020,9/17/2020,-,,
Sg20_420,14:10_38/23,9/16/2020,9/18/2020,10/3/2020,female died 10/05,
Sg20_421,14:10_38/23,9/16/2020,9/18/2020,9/23/2020,female died 10/11,
Sg20_422,14:10_38/23,9/16/2020,9/18/2020,10/3/2020,,
Sg20_423,14:10_38/23,9/16/2020,9/19/2020,9/25/2020,both died 10/5; female died 10/1; male died 10/13,
Sg20_424,14:10_38/23,9/16/2020,9/19/2020,-,,
Sg20_425,14:10_38/23,9/20/2020,9/20/2020,-,,
Sg20_426,14:10_38/23,9/20/2020,9/20/2020,9/25/2020,Male died 10/17,
Sg20_427,14:10_38/23,9/18/2020,9/18/2020,10/1/2020,original female died; replaced; same eclosure; male from 1505 38; paired 9/21; female died again 10/15,
Sg20_428,14:10_38/23,9/18/2020,9/18/2020,9/27/2020,male from 1505 38; paired 9/21,
Sg20_429,14:10_38/23,9/18/2020,9/18/2020,9/25/2020,male from 1505 38; paired 9/21,
Sg20_430,14:10_38/23,9/18/2020,9/18/2020,9/25/2020,male from 1505 38; paired 9/21,
Sg20_431,14:10_38/23,9/18/2020,9/18/2020,9/27/2020,male from 1505 38; paired 9/21; male died 10/07 from fungus? Female died 10/15,
Sg20_432,14:10_38/23,NA,NA,NA,,
Sg20_433,14:10_38/23,NA,NA,NA,,
Sg20_434,14:10_38/23,NA,NA,NA,,
Sg20_435,14:10_38/23,NA,NA,NA,,
Sg20_436,14:10_38/23,NA,NA,NA,,
Sg20_437,14:10_38/23,NA,NA,NA,,
Sg20_438,14:10_38/23,NA,NA,NA,,
Sg20_439,14:10_38/23,NA,NA,NA,,
Sg20_440,14:10_38/23,NA,NA,NA,,
Sg20_441,15:05_38/23,9/17/2020,9/16/2020,9/23/2020,,
Sg20_442,15:05_38/23,9/17/2020,9/17/2020,9/25/2020,,
Sg20_443,15:05_38/23,9/17/2020,9/17/2020,9/23/2020,,
Sg20_444,15:05_38/23,9/17/2020,9/17/2020,9/23/2020,,
Sg20_445,15:05_38/23,9/17/2020,9/17/2020,9/23/2020,,
Sg20_446,15:05_38/23,9/17/2020,9/17/2020,9/23/2020,,
Sg20_447,15:05_38/23,9/17/2020,9/17/2020,9/21/2020,,
Sg20_448,15:05_38/23,9/18/2020,9/18/2020,9/23/2020,,
Sg20_449,15:05_38/23,9/18/2020,9/18/2020,9/23/2020,,
Sg20_450,15:05_38/23,9/18/2020,9/18/2020,9/23/2020,,
Sg20_451,15:05_38/23,9/18/2020,9/18/2020,9/23/2020,,
Sg20_452,15:05_38/23,9/18/2020,9/18/2020,9/23/2020,,
Sg20_453,15:05_38/23,9/18/2020,9/18/2020,9/25/2020,,
Sg20_454,15:05_38/23,9/18/2020,9/18/2020,9/23/2020,,
Sg20_455,15:05_38/23,9/18/2020,9/18/2020,9/23/2020,,
Sg20_456,15:05_38/23,9/18/2020,9/18/2020,9/23/2020,Original male died 9/21; replaced with male from 9/18,
Sg20_457,15:05_38/23,9/18/2020,9/18/2020,9/25/2020,,
Sg20_458,15:05_38/23,9/18/2020,9/18/2020,9/23/2020,,
Sg20_459,15:05_38/23,9/18/2020,9/18/2020,9/23/2020,,
Sg20_460,15:05_38/23,9/18/2020,9/18/2020,9/23/2020,,
Sg20_461,15:05_38/23,9/18/2020,9/18/2020,9/23/2020,,
Sg20_462,15:05_38/23,9/18/2020,9/18/2020,9/23/2020,,
Sg20_463,15:05_38/23,9/18/2020,9/18/2020,9/23/2020,,
Sg20_464,15:05_38/23,9/18/2020,9/18/2020,9/23/2020,,
Sg20_465,15:05_38/23,9/18/2020,9/18/2020,9/23/2020,,
Sg20_466,15:05_38/23,9/19/2020,9/19/2020,9/23/2020,,
Sg20_467,15:05_38/23,9/19/2020,9/19/2020,9/25/2020,,
Sg20_468,15:05_38/23,9/19/2020,9/19/2020,9/25/2020,,
Sg20_469,15:05_38/23,9/19/2020,9/19/2020,9/23/2020,,
Sg20_470,15:05_38/23,9/19/2020,9/19/2020,9/21/2020,,
Sg20_471,15:05_38/23,9/19/2020,9/19/2020,9/23/2020,,
Sg20_472,15:05_38/23,9/19/2020,9/19/2020,9/23/2020,,
Sg20_473,15:05_38/23,9/19/2020,9/19/2020,9/23/2020,,
Sg20_474,15:05_38/23,9/19/2020,9/19/2020,9/25/2020,,
Sg20_475,15:05_38/23,9/19/2020,9/19/2020,9/23/2020,,
Sg20_476,15:05_38/23,9/19/2020,9/19/2020,9/25/2020,female died 9/23; replaced with female from 9/21,
Sg20_477,15:05_38/23,9/20/2020,9/20/2020,9/23/2020,,
Sg20_478,15:05_38/23,9/20/2020,9/20/2020,9/25/2020,,
Sg20_479,15:05_38/23,9/20/2020,9/20/2020,9/25/2020,,
Sg20_480,15:05_38/23,9/20/2020,9/20/2020,9/23/2020,,
