"","daylength_hr","SE","lower.CI","upper.CI","population","temperature","year","reproductive_prop"
"1",14.2952186317173,0.046705081191501,14.2036783546869,14.3867589087476,"De","28",2022,-Inf
"2",15.2893571612747,0.30542268005077,14.6907397083135,15.8879746142359,"De","38",2022,-Inf
"3",11.6350669206478,0.0779747601397584,11.4822391990707,11.7878946422248,"Ci","28",2022,-Inf
"4",8.5098963691109,0.864287683810951,6.8159236365599,10.2038691016619,"Ci","38",2022,-Inf
"5",12.0034720577813,0.0726354793022815,11.861109134349,12.1458349812136,"Bi","28",2022,-Inf
"6",8.23477904206933,1.0133259753307,6.24869662582222,10.2208614583164,"Bi","38",2022,-Inf
"7",12.5084544137411,0.161167505922996,12.1925719066538,12.8243369208283,"Sg","38",2022,-Inf
"8",13.9783521542626,0.0609051673787629,13.8589802197278,14.0977240887974,"Sg","28",2022,-Inf
"9",14.0244269826028,0.0722241073958321,13.8828703332914,14.1659836319142,"De","28",2020,-Inf
"10",14.5423166722658,0.104283768640323,14.3379242415587,14.746709102973,"De","38",2020,-Inf
"11",11.7065166480424,0.101310182299531,11.5079523394681,11.9050809566167,"Ci","28",2020,-Inf
"12",9.54353676251379,0.485580126426327,8.59181720310979,10.4952563219178,"Ci","38",2020,-Inf
"13",13.5285447108963,0.183338502412741,13.1692078491878,13.8878815726048,"Sg","38",2020,-Inf
"14",13.7344298046972,0.0828544685075371,13.5720380304642,13.8968215789302,"Sg","28",2020,-Inf
