daylength_hr,SE,lower.CI,upper.CI,population,temperature,year,dayofyear,possible
12.00347206,0.072635479,11.86110913,12.14583498,Bi,28,2022,270,y
8.234779042,1.013325975,6.248696626,10.22086146,Bi,38,2022,366,n
11.70651665,0.101310182,11.50795234,11.90508096,Ci,28,2020,279,y
11.63506692,0.07797476,11.4822392,11.78789464,Ci,28,2022,281,y
9.543536763,0.485580126,8.591817203,10.49525632,Ci,38,2020,366,n
8.509896369,0.864287684,6.815923637,10.2038691,Ci,38,2022,366,n
14.02442698,0.072224107,13.88287033,14.16598363,De,28,2020,219,y
14.29521863,0.046705081,14.20367835,14.38675891,De,28,2022,210,y
14.54231667,0.104283769,14.33792424,14.7467091,De,38,2020,202,y
15.28935716,0.30542268,14.69073971,15.88797461,De,38,2022,172,n
13.7344298,0.082854469,13.57203803,13.89682158,Sg,28,2020,224,y
13.97835215,0.060905167,13.85898022,14.09772409,Sg,28,2022,216,y
13.52854471,0.183338502,13.16920785,13.88788157,Sg,38,2020,230,y
12.50845441,0.161167506,12.19257191,12.82433692,Sg,38,2022,257,y
