Population,Year,Temperature,CriticalDaylength,Dayofyear,Dayofyear.estim,DateofCDL,SE,95.CI,Diff.frost.dayofCDL,Diff.frost.dayofCDL.estim
Delta,2020,cool,14.024427,219,219,8-Aug,0.07222411,"(13.88, 14.17)",53.2174,53.2174
Delta,2022,cool,14.295219,210,210,30-Jul,0.04670508,"(14.20, 14.39)",62.2174,62.2174
Delta,2020,warm,14.542317,202,202,22-Jul,0.10428377,"(14.34, 14.75)",70.2174,70.2174
Delta,2022,warm,15.289357,Never,172,-,0.30542268,"(14.69, 15.89)",#VALUE!,100.2174
StGeorge,2020,cool,13.73443,224,224,13-Aug,0.08285447,"(13.57, 13.90)",91.095,91.095
StGeorge,2022,cool,13.978352,216,216,5-Aug,0.06090517,"(13.86, 14.10)",99.095,99.095
StGeorge,2020,warm,13.528545,230,230,19-Aug,0.1833385,"(13.17, 13.89)",85.095,85.095
StGeorge,2022,warm,12.508454,257,257,15-Sep,0.16116751,"(12.19, 12.82)",58.095,58.095
BigBend,2022,cool,12.003472,270,270,28-Sep,0.07263548,"(11.86, 12.15)",75.2174,75.2174
BigBend,2022,warm,8.234779,Never,366,-,1.01332598,"(6.25, 10.22)",#VALUE!,-20.7826
Cibola,2020,cool,11.706517,279,279,7-Oct,0.10131018,"(11.51, 11.91)",70.0002,70.0002
Cibola,2022,cool,11.635067,281,281,9-Oct,0.07797476,"(11.48, 11.79)",68.0002,68.0002
Cibola,2020,warm,9.543537,Never,366,-,0.48558013,"(8.59, 10.50)",#VALUE!,-16.9998
Cibola,2022,warm,8.509896,Never,366,-,0.86428768,"(6.82, 10.20)",#VALUE!,-16.9998
